"text";"created";"screenName";"retweetCount";"isRetweet";"id";"characters"
"No need to bleach those via /r/BlackPeopleTwitter https://t.co/6brjJM0mfL https://t.co/OcDRIjZOqm";"2017-03-04 15:34:38";"IAmAllenBot";0;FALSE;838050058717257728;97
"No need to bleach those via /r/BlackPeopleTwitter https://t.co/fdep7VIxyC https://t.co/ma6qRQGo0S";"2017-03-04 15:27:32";"redditBPT";0;FALSE;838048270823931904;97
"No need to bleach those via /r/BlackPeopleTwitter https://t.co/PcapK08dxB https://t.co/s9SfKK01zO";"2017-03-04 15:27:13";"Peopletweetter";0;FALSE;838048191249592320;97
"RT @redditBPT: The struggle is real via /r/BlackPeopleTwitter https://t.co/fjXanLqT5i https://t.co/WgKiprhf0L";"2017-03-04 15:19:26";"diegocerda97";3;TRUE;838046232564101120;109
"Well, can I speak to YOUR manager? https://t.co/nNR1tHu8uH https://t.co/3f8roiah1E";"2017-03-04 15:16:23";"MixtapesMemes";0;FALSE;838045465337872384;82
"#memes #dankmemes #funny #Blackpeopletwitter https://t.co/JynavMwY7t";"2017-03-04 15:15:05";"will_dankspeare";0;FALSE;838045135283884032;68
"RT @redditBPT: I Really Should Have A Tweeter Account via /r/BlackPeopleTwitter https://t.co/WqPmn9N4eK https://t.co/lbJ4ocncPW";"2017-03-04 15:03:44";"Awktoburr";2;TRUE;838042281001299968;127
"I Really Should Have A Tweeter Account https://t.co/IPweZkeWss https://t.co/ashkfVSwpp";"2017-03-04 14:58:44";"ireddit";0;FALSE;838041020914786304;86
"I Really Should Have A Tweeter Account https://t.co/8JprAj9VTB #reddit https://t.co/lupNoz7qC0";"2017-03-04 14:58:41";"ireddit";0;FALSE;838041012035518464;94
"Born deaf via /r/BlackPeopleTwitter https://t.co/uCmjUmmVry https://t.co/7RNmUuPyve";"2017-03-04 14:52:30";"Peopletweetter";0;FALSE;838039455223136256;83
"Born deaf via /r/BlackPeopleTwitter https://t.co/90D9zXmoi8 https://t.co/gZJImzwem8";"2017-03-04 14:52:29";"redditBPT";0;FALSE;838039449644716032;83
"She don't wanna be saved https://t.co/ZXT2j9J08S https://t.co/1KrVzFvn8J";"2017-03-04 14:46:28";"MixtapesMemes";0;FALSE;838037935148650496;72
"I Really Should Have A Tweeter Account https://t.co/nacHUDkAR9 https://t.co/Iabf3lSxY0";"2017-03-04 14:41:09";"ChrisTidder";0;FALSE;838036595949236224;86
"I Really Should Have A Tweeter Account https://t.co/FhAurASnol https://t.co/Th7Uw5i11F";"2017-03-04 14:40:19";"thur5day";0;FALSE;838036389975449600;86
"I Really Should Have A Tweeter Account https://t.co/LHr678IzIk";"2017-03-04 14:38:23";"DamiensHeart";0;FALSE;838035903327137792;62
"#memes #dankmemes #funny #Blackpeopletwitter https://t.co/kT4sZ9WAQC";"2017-03-04 14:20:04";"will_dankspeare";0;FALSE;838031291572441088;68
"I Really Should Have A Tweeter Account via /r/BlackPeopleTwitter https://t.co/2OQDkNgyEI https://t.co/Opo8dJnN26";"2017-03-04 14:19:10";"IAmAllenBot";0;FALSE;838031065075879936;112
"No need to bleach those https://t.co/DmROYiWMjU https://t.co/I0urrbJvoQ";"2017-03-04 14:16:31";"MixtapesMemes";0;FALSE;838030398886117376;71
"We don't know which Jim to Crow... https://t.co/Dt9XpfB8To https://t.co/3mfvlaciBJ";"2017-03-04 14:06:54";"MixtapesMemes";0;FALSE;838027977547984896;82
"I Really Should Have A Tweeter Account via /r/BlackPeopleTwitter https://t.co/tGvSNuaPJr https://t.co/mFRQYtdFPy";"2017-03-04 14:03:12";"Peopletweetter";0;FALSE;838027045338812416;112
"I Really Should Have A Tweeter Account via /r/BlackPeopleTwitter https://t.co/WqPmn9N4eK https://t.co/lbJ4ocncPW";"2017-03-04 14:02:57";"redditBPT";2;FALSE;838026983569244160;112
"RT @redditBPT: The struggle is real via /r/BlackPeopleTwitter https://t.co/fjXanLqT5i https://t.co/WgKiprhf0L";"2017-03-04 14:02:35";"DM_Josh";3;TRUE;838026892271837184;109
"@jackgraymcr https://t.co/XptH61G6ug is pretty hilarious tbf";"2017-03-04 13:53:29";"Gaz_Col";0;FALSE;838024600118231040;60
"I Really Should Have A Tweeter Account #blackpeopletwitter https://t.co/uNUePfDuTq";"2017-03-04 13:47:23";"niggaztweet";0;FALSE;838023066278047744;82
"The struggle is real #blackpeopletwitter https://t.co/sBNAYjmr5A";"2017-03-04 13:47:21";"niggaztweet";0;FALSE;838023058518573056;64
"its complicated https://t.co/5lkZqryPhs https://t.co/b2cy5UgqhB";"2017-03-04 13:36:39";"MixtapesMemes";0;FALSE;838020365536354304;63
"The struggle is real via /r/BlackPeopleTwitter https://t.co/fjXanLqT5i https://t.co/WgKiprhf0L";"2017-03-04 13:27:10";"redditBPT";3;FALSE;838017979694579712;94
"#memes #dankmemes #funny #Blackpeopletwitter https://t.co/7cmRIu7pLo";"2017-03-04 13:25:08";"will_dankspeare";0;FALSE;838017467901411328;68
"The struggle is real via /r/BlackPeopleTwitter https://t.co/ARalFmAVqC https://t.co/YP7ZoEehTD";"2017-03-04 13:22:25";"Peopletweetter";0;FALSE;838016782367604736;94
"The struggle is real via /r/BlackPeopleTwitter https://t.co/LAXW1vgfxe https://t.co/TecpkXHTIT";"2017-03-04 13:19:24";"IAmAllenBot";0;FALSE;838016022745604096;94
"#memes #dankmemes #funny #Blackpeopletwitter https://t.co/JOuCgZHybn";"2017-03-04 13:15:19";"will_dankspeare";0;FALSE;838014994998525952;68
"Born deaf via /r/BlackPeopleTwitter https://t.co/mWm0aBXXmR https://t.co/n8Z4hnJRMc";"2017-03-04 13:14:11";"IAmAllenBot";0;FALSE;838014711543246848;83
"Shiiiii. via /r/BlackPeopleTwitter https://t.co/PDys39UlCo https://t.co/TnelMz0XXi";"2017-03-04 13:14:10";"IAmAllenBot";0;FALSE;838014706342318080;82
"The Accuracy is What's so Funny tbh. via /r/BlackPeopleTwitter https://t.co/fM56jzlRsv https://t.co/SpXB5kCnsD";"2017-03-04 13:14:08";"IAmAllenBot";0;FALSE;838014700650708992;110
"#memes #dankmemes #funny #Blackpeopletwitter https://t.co/UzteUhSyMl";"2017-03-04 13:10:07";"will_dankspeare";0;FALSE;838013688401510400;68
"Born deaf #blackpeopletwitter https://t.co/Jlappf53dB";"2017-03-04 13:02:32";"niggaztweet";0;FALSE;838011779787685888;53
"Shiiiii. #blackpeopletwitter https://t.co/prplj9QIKC";"2017-03-04 13:02:31";"niggaztweet";0;FALSE;838011774246993920;52
"The Accuracy is What's so Funny tbh. #blackpeopletwitter https://t.co/ePS70CsRTQ";"2017-03-04 13:02:30";"niggaztweet";0;FALSE;838011770090446848;80
"#memes #dankmemes #funny #Blackpeopletwitter https://t.co/8pqz65EzOG";"2017-03-04 12:55:09";"will_dankspeare";0;FALSE;838009921379631104;68
"RT @redditBPT: with a gang of bitches <ed><U+00A0><U+00BC><ed><U+00BE><U+00B6> via /r/BlackPeopleTwitter https://t.co/Qyis0zLeRg https://t.co/cz8Yyuy0lV";"2017-03-04 12:39:27";"GabbyCrews";2;TRUE;838005971771346944;152
"RT @redditBPT: with a gang of bitches <ed><U+00A0><U+00BC><ed><U+00BE><U+00B6> via /r/BlackPeopleTwitter https://t.co/Qyis0zLeRg https://t.co/cz8Yyuy0lV";"2017-03-04 12:38:54";"JKirbs";2;TRUE;838005830796603392;152
"#memes #dankmemes #funny #Blackpeopletwitter https://t.co/Icu27qy0UU";"2017-03-04 12:25:12";"will_dankspeare";0;FALSE;838002385490444288;68
"#memes #dankmemes #funny #Blackpeopletwitter https://t.co/JG6Vw56Kzm";"2017-03-04 12:15:07";"will_dankspeare";0;FALSE;837999848611794944;68
"#memes #dankmemes #funny #Blackpeopletwitter https://t.co/MexT6cCiIe";"2017-03-04 12:10:20";"will_dankspeare";0;FALSE;837998644427096064;68
"Shiiiii. via /r/BlackPeopleTwitter https://t.co/5yoFOvkeRb https://t.co/ekkEMibjn3";"2017-03-04 11:57:18";"Peopletweetter";0;FALSE;837995362422046720;82
"The Accuracy is What's so Funny tbh. via /r/BlackPeopleTwitter https://t.co/u4Kn3jFtRx https://t.co/igTi4UqHjP";"2017-03-04 11:57:16";"Peopletweetter";0;FALSE;837995357065916416;110
"Shiiiii. via /r/BlackPeopleTwitter https://t.co/srotrdBZf8 https://t.co/TMcVOYTmzG";"2017-03-04 11:47:54";"redditBPT";1;FALSE;837992996717080576;82
"The Accuracy is What's so Funny tbh. via /r/BlackPeopleTwitter https://t.co/RfF8tfOmQd https://t.co/dDMnejt2YU";"2017-03-04 11:47:53";"redditBPT";0;FALSE;837992991876911104;110
"I Really Should Have A Tweeter Account https://t.co/rIgnkHkNAv https://t.co/m2f2KkGUXx";"2017-03-04 11:41:32";"MixtapesMemes";0;FALSE;837991395155640320;86
"The best picture. https://t.co/m0gh3q6SQg https://t.co/Ps8JMQhCXS";"2017-03-04 11:41:31";"MixtapesMemes";0;FALSE;837991390395183104;65
"Daily woke message from Get Out https://t.co/hoJnBO6KFa https://t.co/Dr57xWoB6d";"2017-03-04 11:21:04";"MixtapesMemes";0;FALSE;837986246345490432;79
"Get a load of the grapefruit sized balls on this cheeky fucker x-post r/Blackpeopletwitter https://t.co/Q8BQseXtjx";"2017-03-04 11:09:15";"redditfeedz";0;FALSE;837983271057240064;114
"Relentless via /r/BlackPeopleTwitter https://t.co/MVGrZYAg2x https://t.co/LBw8tVX1Ku";"2017-03-04 10:57:13";"Peopletweetter";0;FALSE;837980242887196672;84
"Still not gonna stop us from actin a fool via /r/BlackPeopleTwitter https://t.co/FdZN5vIsHd https://t.co/A1ZAMjnTCu";"2017-03-04 10:57:11";"Peopletweetter";0;FALSE;837980235073204224;115
"with a gang of bitches <ed><U+00A0><U+00BC><ed><U+00BE><U+00B6> via /r/BlackPeopleTwitter https://t.co/rLhamz8oJu https://t.co/LKiw8HqcSY";"2017-03-04 10:57:09";"Peopletweetter";0;FALSE;837980227133403136;137
"Their water is to die for https://t.co/H604OXcPqC https://t.co/15aT1fFs01";"2017-03-04 10:41:16";"MixtapesMemes";0;FALSE;837976227461873664;73
"Still not gonna stop us from actin a fool #blackpeopletwitter https://t.co/q0HpHZ3HAm";"2017-03-04 10:37:08";"niggaztweet";0;FALSE;837975190571270144;85
"#memes #dankmemes #funny #Blackpeopletwitter https://t.co/ZYzjYLxUJq";"2017-03-04 10:10:03";"will_dankspeare";0;FALSE;837968373451526144;68
"Still not gonna stop us from actin a fool via /r/BlackPeopleTwitter https://t.co/rZiCy2Da9f https://t.co/iicTn27JiK";"2017-03-04 09:29:05";"IAmAllenBot";0;FALSE;837958061981564928;115
"#memes #dankmemes #funny #Blackpeopletwitter https://t.co/LVdbgwl7vQ";"2017-03-04 09:25:03";"will_dankspeare";0;FALSE;837957050508394496;68
"with a gang of bitches <ed><U+00A0><U+00BC><ed><U+00BE><U+00B6> via /r/BlackPeopleTwitter https://t.co/hVSsxz7CCE https://t.co/ajZqnxNwGy";"2017-03-04 09:14:12";"IAmAllenBot";0;FALSE;837954319173488640;137
"with a gang of bitches <ed><U+00A0><U+00BC><ed><U+00BE><U+00B6> #blackpeopletwitter https://t.co/5P0kOO00iB";"2017-03-04 08:57:09";"niggaztweet";0;FALSE;837950025409957888;107
"Relentless #blackpeopletwitter https://t.co/ofpAGbAMjD";"2017-03-04 08:57:07";"niggaztweet";0;FALSE;837950017977606144;54
"with a gang of bitches <ed><U+00A0><U+00BC><ed><U+00BE><U+00B6> via /r/BlackPeopleTwitter https://t.co/Qyis0zLeRg https://t.co/cz8Yyuy0lV";"2017-03-04 08:47:19";"redditBPT";2;FALSE;837947551135432704;137
"#memes #dankmemes #funny #Blackpeopletwitter https://t.co/wSgzpGmxBR";"2017-03-04 08:45:14";"will_dankspeare";0;FALSE;837947026499317760;68
"Still not gonna stop us from actin a fool via /r/BlackPeopleTwitter https://t.co/n79TyiBqOm https://t.co/81kSufyi66";"2017-03-04 08:37:23";"redditBPT";0;FALSE;837945053452648448;115
"The struggle is real https://t.co/1sMqdSbliy https://t.co/mz5nLXcuei";"2017-03-04 08:01:23";"MixtapesMemes";0;FALSE;837935991532969984;68
"#memes #dankmemes #funny #Blackpeopletwitter https://t.co/7atDyu3H8Z";"2017-03-04 07:55:14";"will_dankspeare";0;FALSE;837934445579624448;68
"Relentless via /r/BlackPeopleTwitter https://t.co/LrTVRxOCy9 https://t.co/uTCpWD4T2A";"2017-03-04 07:27:05";"redditBPT";0;FALSE;837927360485863424;84
"#memes #dankmemes #funny #Blackpeopletwitter https://t.co/jXYuT8rRow";"2017-03-04 07:25:05";"will_dankspeare";0;FALSE;837926859451031552;68
"Relentless via /r/BlackPeopleTwitter https://t.co/yQwgWeFgr1 https://t.co/rUSfma5oQp";"2017-03-04 07:14:21";"IAmAllenBot";0;FALSE;837924158315065344;84
"RT @redditBPT: Too late boo via /r/BlackPeopleTwitter https://t.co/88o8TKqELw https://t.co/WTcbG6bR0o";"2017-03-04 07:08:34";"DirtyGarbage";3;TRUE;837922701792722944;101
"Too late boo via /r/BlackPeopleTwitter https://t.co/CEo5E4VLTe https://t.co/RBhCbit4o9";"2017-03-04 06:52:28";"Peopletweetter";0;FALSE;837918651105882112;86
"#memes #dankmemes #funny #Blackpeopletwitter https://t.co/gZT6COVmzw";"2017-03-04 06:50:12";"will_dankspeare";0;FALSE;837918078172286976;68
"RT @redditBPT: Pizza is cancelled via /r/BlackPeopleTwitter https://t.co/yk0aCoI50J https://t.co/fi33fWAIpP";"2017-03-04 06:35:34";"zackmilchman";26;TRUE;837914397628641280;107
"RT @redditBPT: Too late boo via /r/BlackPeopleTwitter https://t.co/88o8TKqELw https://t.co/WTcbG6bR0o";"2017-03-04 06:34:31";"Bvttousai";3;TRUE;837914132074528768;101
"The Accuracy is What's so Funny tbh. https://t.co/ayb7k8a3JV https://t.co/wIsFX1Rrst";"2017-03-04 06:31:17";"MixtapesMemes";0;FALSE;837913319554093056;84
"Too late boo via /r/BlackPeopleTwitter https://t.co/88o8TKqELw https://t.co/WTcbG6bR0o";"2017-03-04 06:07:45";"redditBPT";3;FALSE;837907395334516736;86
"Born deaf https://t.co/9oC0vb2jyr https://t.co/xLouzGu0fc";"2017-03-04 06:06:35";"MixtapesMemes";0;FALSE;837907101716463616;57
"Too late boo via /r/BlackPeopleTwitter https://t.co/d5pw6eayat https://t.co/NdoOrArCN4";"2017-03-04 06:04:21";"IAmAllenBot";0;FALSE;837906541713948672;86
"#memes #dankmemes #funny #Blackpeopletwitter https://t.co/CjnQPil7x8";"2017-03-04 06:00:32";"will_dankspeare";0;FALSE;837905578143924224;68
"D's get degrees https://t.co/555cufARkg";"2017-03-04 05:58:17";"DamiensHeart";0;FALSE;837905012625899520;39
"D's get degrees https://t.co/pHmDxscnNA https://t.co/MbSt45e5mH";"2017-03-04 05:58:07";"ChrisTidder";0;FALSE;837904973539094528;63
"D's get degrees https://t.co/1hqvWbubnu https://t.co/XIU1QVVmLZ";"2017-03-04 05:55:19";"thur5day";0;FALSE;837904265603661824;63
"with a gang of bitches <ed><U+00A0><U+00BC><ed><U+00BE><U+00B6> https://t.co/3loFUEi5jF https://t.co/A0UnGBDjpn";"2017-03-04 05:51:06";"MixtapesMemes";0;FALSE;837903207561064448;111
"#memes #dankmemes #funny #Blackpeopletwitter https://t.co/Q20Qqcbxc8";"2017-03-04 05:50:04";"will_dankspeare";0;FALSE;837902944607547392;68
"Shiiiii. https://t.co/kp0m4uVLS6 https://t.co/HFGhDPECCT";"2017-03-04 05:36:28";"MixtapesMemes";0;FALSE;837899525201227776;56
"quack quack boi via /r/BlackPeopleTwitter https://t.co/RFz4rOztrJ https://t.co/ou2WCK7NVd";"2017-03-04 05:34:14";"IAmAllenBot";0;FALSE;837898960173944832;89
"WWJD? via /r/BlackPeopleTwitter https://t.co/clHeOF0a84 https://t.co/GiltfsWiSB";"2017-03-04 05:34:12";"IAmAllenBot";0;FALSE;837898951755976704;79
"quack quack boi #blackpeopletwitter https://t.co/9mzvmWl0bi";"2017-03-04 05:32:29";"niggaztweet";0;FALSE;837898522691252224;59
"Too late boo #blackpeopletwitter https://t.co/dG9KfrMpkW";"2017-03-04 05:32:28";"niggaztweet";0;FALSE;837898515292499968;56
"Still not gonna stop us from actin a fool https://t.co/Cr6R3FVvm0 https://t.co/AzXxzY4UXb";"2017-03-04 05:31:26";"MixtapesMemes";0;FALSE;837898255807746048;89
"quack quack boi via /r/BlackPeopleTwitter https://t.co/CULFGEgUDl https://t.co/K8bDF3E9zz";"2017-03-04 05:27:33";"Peopletweetter";0;FALSE;837897280355172352;89
"WWJD? via /r/BlackPeopleTwitter https://t.co/GPR6CD6OJq https://t.co/rBYp2gX9y2";"2017-03-04 05:27:31";"Peopletweetter";0;FALSE;837897271895293952;79
"RT @redditBPT: D's get degrees via /r/BlackPeopleTwitter https://t.co/5TZsLSqBnG https://t.co/3e18hObcIn";"2017-03-04 05:20:22";"MajjiSri";5;TRUE;837895471209328640;104
"#dankmemes #meme #memes #blackpeopletwitter #dankmeme #GetOut https://t.co/4z9AdMbelR";"2017-03-04 05:18:05";"Manof_theFuture";0;FALSE;837894895289438208;85
"RT @redditBPT: D's get degrees via /r/BlackPeopleTwitter https://t.co/5TZsLSqBnG https://t.co/3e18hObcIn";"2017-03-04 05:17:50";"itsGhostreckz";5;TRUE;837894832928538624;104
"RT @redditBPT: WWJD? via /r/BlackPeopleTwitter https://t.co/g8WU9DsS7J https://t.co/0QLizgNxO7";"2017-03-04 05:12:42";"wobblywobblywob";2;TRUE;837893541745471488;94
"RT @redditBPT: WWJD? via /r/BlackPeopleTwitter https://t.co/g8WU9DsS7J https://t.co/0QLizgNxO7";"2017-03-04 05:09:22";"realdaveshelton";2;TRUE;837892703153242112;94
"quack quack boi via /r/BlackPeopleTwitter https://t.co/FWdbFhpvRX https://t.co/cWnLOOuJMx";"2017-03-04 05:07:22";"redditBPT";0;FALSE;837892200277102592;89
"WWJD? via /r/BlackPeopleTwitter https://t.co/g8WU9DsS7J https://t.co/0QLizgNxO7";"2017-03-04 05:07:20";"redditBPT";2;FALSE;837892191792021504;79
"WWJD? #blackpeopletwitter https://t.co/3Sul7xouAN";"2017-03-04 04:57:12";"niggaztweet";0;FALSE;837889640963190784;49
"RT @redditBPT: D's get degrees via /r/BlackPeopleTwitter https://t.co/5TZsLSqBnG https://t.co/3e18hObcIn";"2017-03-04 04:51:29";"Bvttousai";5;TRUE;837888204313264128;104
"RT @redditBPT: D's get degrees via /r/BlackPeopleTwitter https://t.co/5TZsLSqBnG https://t.co/3e18hObcIn";"2017-03-04 04:39:18";"ThePrinceHollie";5;TRUE;837885136301604864;104
"Congratulations, I played myself via /r/BlackPeopleTwitter https://t.co/u9OVT0xPsS https://t.co/UsVjVQ9DUN";"2017-03-04 04:34:08";"IAmAllenBot";0;FALSE;837883835643740160;106
"Congratulations, I played myself via /r/BlackPeopleTwitter https://t.co/rrraUlO2Tm https://t.co/prYTdms0TK";"2017-03-04 04:27:32";"Peopletweetter";0;FALSE;837882176419086336;106
"Relentless https://t.co/YwFz9M5Z2U https://t.co/iC9WjUAfB8";"2017-03-04 04:26:12";"MixtapesMemes";0;FALSE;837881839951966208;58
"#memes #dankmemes #funny #Blackpeopletwitter https://t.co/cvk5H2M2iq";"2017-03-04 04:25:09";"will_dankspeare";0;FALSE;837881574918144000;68
"Woooooow, that's crazy. https://t.co/Nz56UrPM0E https://t.co/eGcKHTglGC";"2017-03-04 04:20:10";"ChrisTidder";0;FALSE;837880323509641216;71
"Congratulations, I played myself #blackpeopletwitter https://t.co/NLWG4gD1tz";"2017-03-04 04:17:10";"niggaztweet";0;FALSE;837879567209607168;76
"D's get degrees #blackpeopletwitter https://t.co/lqT7UzzDjm";"2017-03-04 04:17:08";"niggaztweet";0;FALSE;837879558531592192;59
"RT @redditBPT: Congratulations, I played myself via /r/BlackPeopleTwitter https://t.co/pdE0xPlSj8 https://t.co/ziFpVpYWu8";"2017-03-04 04:11:57";"dgkaprielian";2;TRUE;837878254690152448;121
"RT @redditBPT: D's get degrees via /r/BlackPeopleTwitter https://t.co/5TZsLSqBnG https://t.co/3e18hObcIn";"2017-03-04 04:11:31";"PapiChuloCorona";5;TRUE;837878145877422080;104
"Ballin' Bigger Than Gohan https://t.co/q4K8F0sYT9 https://t.co/nozvswsmc3";"2017-03-04 04:11:16";"MixtapesMemes";0;FALSE;837878083650736128;73
"just dont send nudes to fuccbois youll be good https://t.co/Cz5EeS22MX https://t.co/gXDRfSfRkl";"2017-03-04 04:11:15";"MixtapesMemes";0;FALSE;837878078231674880;94
"RT @redditBPT: Pizza is cancelled via /r/BlackPeopleTwitter https://t.co/yk0aCoI50J https://t.co/fi33fWAIpP";"2017-03-04 04:10:19";"JoeyGoldstein1";26;TRUE;837877841945640960;107
"Congratulations, I played myself via /r/BlackPeopleTwitter https://t.co/pdE0xPlSj8 https://t.co/ziFpVpYWu8";"2017-03-04 04:07:21";"redditBPT";2;FALSE;837877097968324608;106
"D's get degrees via /r/BlackPeopleTwitter https://t.co/5TZsLSqBnG https://t.co/3e18hObcIn";"2017-03-04 04:07:20";"redditBPT";5;FALSE;837877092066996224;89
"#dankmemes #meme #memes #blackpeopletwitter #dankmeme #whatintarnation #wotnternation… https://t.co/xehyL0GDiO";"2017-03-04 03:57:43";"Manof_theFuture";0;FALSE;837874672528146432;110
"D's get degrees via /r/BlackPeopleTwitter https://t.co/qb9761Dqyt https://t.co/vfeJ3ziQF1";"2017-03-04 03:57:30";"Peopletweetter";0;FALSE;837874618732015616;89
"#dankmemes #meme #memes #blackpeopletwitter #dankmeme #nickiminaj #music https://t.co/Yh5di0X1uX";"2017-03-04 03:56:57";"Manof_theFuture";0;FALSE;837874479657254912;96
"#dankmemes #meme #memes #blackpeopletwitter #dankmeme #dragonballz #dragonball #rihanna #music https://t.co/8LwPISniEN";"2017-03-04 03:56:31";"Manof_theFuture";0;FALSE;837874369296728064;118
"I'm gonna call for a timeout https://t.co/I5qEyDKxXU https://t.co/BIUdEBq9do";"2017-03-04 03:56:12";"MixtapesMemes";0;FALSE;837874290657792000;76
"The Carpentry School Dropout https://t.co/3ReMPRY8mH https://t.co/5OPBQOZSG7";"2017-03-04 03:41:10";"MixtapesMemes";0;FALSE;837870508196642816;76
"D's get degrees via /r/BlackPeopleTwitter https://t.co/QtzYbjsTAA https://t.co/5SEdZfmNLN";"2017-03-04 03:39:25";"IAmAllenBot";0;FALSE;837870065294921728;89
"WWJD? https://t.co/UwcMUBCyZh https://t.co/0nJxZmXDkd";"2017-03-04 03:31:16";"MixtapesMemes";0;FALSE;837868017425973248;53
"RT @redditBPT: Pizza is cancelled via /r/BlackPeopleTwitter https://t.co/yk0aCoI50J https://t.co/fi33fWAIpP";"2017-03-04 03:24:11";"AVnuRadical";26;TRUE;837866231768178688;107
"RT @redditBPT: Pizza is cancelled via /r/BlackPeopleTwitter https://t.co/yk0aCoI50J https://t.co/fi33fWAIpP";"2017-03-04 03:05:04";"Jethroee";26;TRUE;837861421971095552;107
"Mine yo bznz #blackpeopletwitter https://t.co/9lSwJhEF5f";"2017-03-04 02:52:17";"niggaztweet";0;FALSE;837858204948234240;56
"ASAHD send me this study guide https://t.co/EoMrLxS7j0 https://t.co/SI2zAEwsLZ";"2017-03-04 02:46:12";"MixtapesMemes";0;FALSE;837856674799026176;78
"#memes #dankmemes #funny #Blackpeopletwitter https://t.co/JVas2Cp9dJ";"2017-03-04 02:45:10";"will_dankspeare";0;FALSE;837856414613794816;68
"RT @redditBPT: Imma just see myself out. via /r/BlackPeopleTwitter https://t.co/omPIy76WH8 https://t.co/ietrg1Th6B";"2017-03-04 02:42:02";"ThePrinceHollie";5;TRUE;837855627300990976;114
"D's get degrees https://t.co/mnfJCq15Hx https://t.co/FvJ9PslGvu";"2017-03-04 02:41:06";"MixtapesMemes";0;FALSE;837855392419954688;63
"RT @redditBPT: Pizza is cancelled via /r/BlackPeopleTwitter https://t.co/yk0aCoI50J https://t.co/fi33fWAIpP";"2017-03-04 02:27:04";"XunDigital";26;TRUE;837851861050773504;107
"Always.Shoot.Your.Shot https://t.co/eRpEyw3Bsn https://t.co/3IZjQ0o2OC";"2017-03-04 02:21:33";"MixtapesMemes";0;FALSE;837850469460557824;70
"Too late boo https://t.co/eXK1neFh5r https://t.co/St8RyvHjGP";"2017-03-04 02:21:32";"MixtapesMemes";0;FALSE;837850464934838272;60
"RT @redditBPT: Imma just see myself out. via /r/BlackPeopleTwitter https://t.co/omPIy76WH8 https://t.co/ietrg1Th6B";"2017-03-04 02:11:10";"Bvttousai";5;TRUE;837847856924893184;114
"I got this shit. (X-post r/gaming) https://t.co/QzNdasCeQY https://t.co/1GxdMyLDa6";"2017-03-04 02:01:45";"MixtapesMemes";0;FALSE;837845489433395200;82
"RT @redditBPT: Pizza is cancelled via /r/BlackPeopleTwitter https://t.co/yk0aCoI50J https://t.co/fi33fWAIpP";"2017-03-04 01:54:02";"Dustinjr1993";26;TRUE;837843545159512064;107
"RT @redditBPT: Imma just see myself out. via /r/BlackPeopleTwitter https://t.co/omPIy76WH8 https://t.co/ietrg1Th6B";"2017-03-04 01:52:30";"DirtyGarbage";5;TRUE;837843160525070336;114
"Deal with it https://t.co/RyRwSHf9zc https://t.co/sRR65UUMfm";"2017-03-04 01:51:19";"MixtapesMemes";0;FALSE;837842864470175744;60
"Congratulations, I played myself https://t.co/Kpfv3MA010 https://t.co/1w1hOAqJrW";"2017-03-04 01:36:41";"MixtapesMemes";0;FALSE;837839178922659840;80
"RT @redditBPT: Taylor Swift is expecting via /r/BlackPeopleTwitter https://t.co/dfpcOnBjnK https://t.co/dyovbWRW0R";"2017-03-04 01:36:05";"dwats_iam92";2;TRUE;837839030251290624;114
"RT @redditBPT: Mistress coming and tearing the royal court apart via /r/BlackPeopleTwitter https://t.co/gLMJzTCeoy https://t.co/0pm03oOvkd";"2017-03-04 01:34:37";"dwats_iam92";3;TRUE;837838660129148928;138
"Mine yo bznz via /r/BlackPeopleTwitter https://t.co/g2Zq3uFEga https://t.co/gfnMzh5zvv";"2017-03-04 01:34:19";"IAmAllenBot";0;FALSE;837838584535199744;86
"Imma just see myself out. via /r/BlackPeopleTwitter https://t.co/SC5PiMpfg1 https://t.co/oPQ4XROvPn";"2017-03-04 01:34:18";"IAmAllenBot";0;FALSE;837838579728535552;99
"Mine yo bznz via /r/BlackPeopleTwitter https://t.co/fHQIFaLWXO https://t.co/oKMNHAH74a";"2017-03-04 01:32:15";"redditBPT";1;FALSE;837838064240181248;86
"Imma just see myself out. via /r/BlackPeopleTwitter https://t.co/omPIy76WH8 https://t.co/ietrg1Th6B";"2017-03-04 01:32:14";"redditBPT";5;FALSE;837838059093831680;99
"Imma just see myself out. #blackpeopletwitter https://t.co/NNPtEaNz1c";"2017-03-04 01:32:08";"niggaztweet";0;FALSE;837838034456481792;69
"Mine yo bznz via /r/BlackPeopleTwitter https://t.co/DDInBmeTzX https://t.co/hhFZVD47qV";"2017-03-04 01:32:07";"Peopletweetter";0;FALSE;837838029595226112;86
"Imma just see myself out. via /r/BlackPeopleTwitter https://t.co/xV7orC4tBc https://t.co/DMWwF3raFR";"2017-03-04 01:32:05";"Peopletweetter";0;FALSE;837838024092364800;99
"RT @redditBPT: but...but Isis..? via /r/BlackPeopleTwitter https://t.co/7bpLn0fmdq https://t.co/cgStwBIYhO";"2017-03-04 01:27:10";"NickBalletto";11;TRUE;837836786294472704;106
"#memes #dankmemes #funny #Blackpeopletwitter https://t.co/cWvaJVh0bU";"2017-03-04 01:25:03";"will_dankspeare";0;FALSE;837836251944333312;68
"RT @redditBPT: but...but Isis..? via /r/BlackPeopleTwitter https://t.co/7bpLn0fmdq https://t.co/cgStwBIYhO";"2017-03-04 01:20:56";"DM_Josh";11;TRUE;837835215376625664;106
"RT @redditBPT: but...but Isis..? via /r/BlackPeopleTwitter https://t.co/7bpLn0fmdq https://t.co/cgStwBIYhO";"2017-03-04 01:14:48";"catsketeer2";11;TRUE;837833671440809984;106
"quack quack boi https://t.co/02t0zTEoE1 https://t.co/xoNLJok0d2";"2017-03-04 01:11:05";"MixtapesMemes";0;FALSE;837832738895974400;63
"Taylor Swift is expecting via /r/BlackPeopleTwitter https://t.co/P646PxUeWx https://t.co/WK8hystwWk";"2017-03-04 00:57:21";"Peopletweetter";0;FALSE;837829283565416448;99
"Taylor Swift is expecting #blackpeopletwitter https://t.co/NGilsCW4L1";"2017-03-04 00:57:12";"niggaztweet";0;FALSE;837829245825138688;69
"#memes #dankmemes #funny #Blackpeopletwitter https://t.co/kbJl7u7My9";"2017-03-04 00:45:11";"will_dankspeare";0;FALSE;837826217965457408;68
"Taylor Swift is expecting via /r/BlackPeopleTwitter https://t.co/dfpcOnBjnK https://t.co/dyovbWRW0R";"2017-03-04 00:37:32";"redditBPT";2;FALSE;837824293283192832;99
"Taylor Swift is expecting via /r/BlackPeopleTwitter https://t.co/zj1DI3dpXB https://t.co/Gch9TdkBuo";"2017-03-04 00:34:17";"IAmAllenBot";0;FALSE;837823478225113088;99
"#memes #dankmemes #funny #Blackpeopletwitter https://t.co/ZIBL9O09tf";"2017-03-04 00:30:06";"will_dankspeare";0;FALSE;837822425324748800;68
"#memes #dankmemes #funny #Blackpeopletwitter https://t.co/xIXUERdbas";"2017-03-04 00:25:04";"will_dankspeare";0;FALSE;837821157143371776;68
"RT @redditBPT: Woooooow, that's crazy. via /r/BlackPeopleTwitter https://t.co/OTG8zA3GKi https://t.co/rcV1C4txG6";"2017-03-04 00:24:31";"ThePrinceHollie";1;TRUE;837821018513227776;112
"RT @redditBPT: Mistress coming and tearing the royal court apart via /r/BlackPeopleTwitter https://t.co/gLMJzTCeoy https://t.co/0pm03oOvkd";"2017-03-04 00:24:09";"ThePrinceHollie";3;TRUE;837820928335675392;138
"Bubble hard in the double R via /r/BlackPeopleTwitter https://t.co/EkO4xDg3PZ https://t.co/2Qx8yofIXE";"2017-03-04 00:09:21";"IAmAllenBot";0;FALSE;837817202753556480;101
"Fact: /r/blackpeopletwitter will improve the quality of your life by 15%. The shit that hits the front page there is hilarious.";"2017-03-04 00:05:20";"CtrlAltMegan";0;FALSE;837816191854985216;127
"RT @niggaztweet: Apt Comparison #blackpeopletwitter https://t.co/unz7PZCLtz";"2017-03-04 00:04:33";"CamdenOrdway";1;TRUE;837815992709447680;75
"RT @redditBPT: Pizza is cancelled via /r/BlackPeopleTwitter https://t.co/yk0aCoI50J https://t.co/fi33fWAIpP";"2017-03-04 00:01:40";"GZero_the_Hero";26;TRUE;837815269565280256;107
"#memes #dankmemes #funny #Blackpeopletwitter https://t.co/sUaqBf7Jb1";"2017-03-03 23:55:03";"will_dankspeare";0;FALSE;837813604397301760;68
"Imma just see myself out. https://t.co/Ihkh54erw7 https://t.co/uoy49ccDyh";"2017-03-03 23:46:20";"MixtapesMemes";0;FALSE;837811410742697984;73
"Bubble hard in the double R via /r/BlackPeopleTwitter https://t.co/UabQOMjJOT https://t.co/z5k3a6i8du";"2017-03-03 23:42:19";"redditBPT";1;FALSE;837810397004591104;101
"RT @rohbhatt: Pizza is cancelled

https://t.co/0LgLL9LOcv
@hyrulecitizen";"2017-03-03 23:38:02";"KingJr301";3;TRUE;837809320490319872;72
"Bubble hard in the double R via /r/BlackPeopleTwitter https://t.co/ltZcZHR3rW https://t.co/Dyjm2Xh25v";"2017-03-03 23:37:15";"Peopletweetter";0;FALSE;837809123928457216;101
"If I had a dime every time... https://t.co/o6NqNru3Ov https://t.co/7AHo7ZWLGS";"2017-03-03 23:36:13";"MixtapesMemes";0;FALSE;837808863478972416;77
"RT @redditBPT: but...but Isis..? via /r/BlackPeopleTwitter https://t.co/7bpLn0fmdq https://t.co/cgStwBIYhO";"2017-03-03 23:21:53";"vitaminj88";11;TRUE;837805256738164736;106
"God's Gift to Caucacity https://t.co/RFZK9grShb https://t.co/G48EvejrHm";"2017-03-03 23:16:14";"MixtapesMemes";0;FALSE;837803834617573376;71
"Bubble hard in the double R #blackpeopletwitter https://t.co/MvSN3xiVOH";"2017-03-03 23:12:24";"niggaztweet";0;FALSE;837802870640689152;71
"RT @redditBPT: I got a real good jazz collection at the crib via /r/BlackPeopleTwitter https://t.co/lXueC0thsJ https://t.co/5IoCaplYQJ";"2017-03-03 23:07:52";"galen_jones";1;TRUE;837801727986450432;134
"Flip-mode memories https://t.co/aYoNjyrGkv https://t.co/WMWsBkK2Fd";"2017-03-03 23:07:33";"MixtapesMemes";0;FALSE;837801647594221568;66
"RT @redditBPT: Pizza is cancelled via /r/BlackPeopleTwitter https://t.co/yk0aCoI50J https://t.co/fi33fWAIpP";"2017-03-03 23:02:58";"AyyKayloo";26;TRUE;837800496324820992;107
"Hood logic #blackpeopletwitter https://t.co/DADc121BtJ";"2017-03-03 22:52:23";"niggaztweet";0;FALSE;837797834577543168;54
"Pizza is cancelled via /r/BlackPeopleTwitter https://t.co/YmQnI7xGCE https://t.co/G9VsypAq06";"2017-03-03 22:49:26";"IanDikhtiar";0;FALSE;837797088813596672;92
"RT @redditBPT: Pizza is cancelled via /r/BlackPeopleTwitter https://t.co/yk0aCoI50J https://t.co/fi33fWAIpP";"2017-03-03 22:48:06";"dodgingcats";26;TRUE;837796755152470016;107
"Mine yo bznz https://t.co/DbPIqbV96c https://t.co/kvh90kmE4W";"2017-03-03 22:46:58";"MixtapesMemes";0;FALSE;837796470053031936;60
"Hood logic via /r/BlackPeopleTwitter https://t.co/qaSZQVpKa0 https://t.co/9lr3ds9cUa";"2017-03-03 22:42:29";"Peopletweetter";0;FALSE;837795341491650560;84
"Hood logic via /r/BlackPeopleTwitter https://t.co/RO1APnTeu1 https://t.co/MyCdXWRFm9";"2017-03-03 22:42:14";"redditBPT";1;FALSE;837795278539350016;84
"Good Morning, My G. via /r/BlackPeopleTwitter https://t.co/i4sBzlIk7k https://t.co/PFbmeyu4Xx";"2017-03-03 22:42:13";"redditBPT";1;FALSE;837795273149714432;93
"RT @redditBPT: Reddit irl via /r/BlackPeopleTwitter https://t.co/BVndAghtqm https://t.co/r1AanHxUaw";"2017-03-03 22:41:06";"JusticeMcmill";4;TRUE;837794993020547072;99
"RT @redditBPT: For real via /r/BlackPeopleTwitter https://t.co/UoFtwugc27 https://t.co/FXpp2oAZeB";"2017-03-03 22:40:45";"JusticeMcmill";1;TRUE;837794903434362880;97
"#memes #dankmemes #funny #Blackpeopletwitter https://t.co/scFEIT0mMk";"2017-03-03 22:40:05";"will_dankspeare";0;FALSE;837794738497544192;68
"RT @redditBPT: The struggle dating crazy via /r/BlackPeopleTwitter https://t.co/lvmz5Ccp5s https://t.co/4GO5869VGp";"2017-03-03 22:37:56";"JusticeMcmill";8;TRUE;837794195419062272;114
"RT @redditBPT: Hotdurgers via /r/BlackPeopleTwitter https://t.co/LXa4vFmQKY https://t.co/Nb8io8Kzto";"2017-03-03 22:36:25";"JusticeMcmill";2;TRUE;837793816090447872;99
"RT @redditBPT: Get ready for the ass-whooping of a lifetime via /r/BlackPeopleTwitter https://t.co/1AL1wKvH9P https://t.co/xaATw2OK3U";"2017-03-03 22:34:18";"JusticeMcmill";3;TRUE;837793281388003328;133
"RT @redditBPT: Stay in school y'all via /r/BlackPeopleTwitter https://t.co/smcCL3Qgkq https://t.co/o0qY5CYr2q";"2017-03-03 22:33:49";"JusticeMcmill";3;TRUE;837793158712930304;109
"RT @redditBPT: Pizza is cancelled via /r/BlackPeopleTwitter https://t.co/yk0aCoI50J https://t.co/fi33fWAIpP";"2017-03-03 22:31:08";"FilthyCel";26;TRUE;837792484436606976;107
"RT @redditBPT: Pizza is cancelled via /r/BlackPeopleTwitter https://t.co/yk0aCoI50J https://t.co/fi33fWAIpP";"2017-03-03 22:30:05";"Chris_LC_";26;TRUE;837792220359049216;107
"#memes #dankmemes #funny #Blackpeopletwitter https://t.co/sOTRvPunJj";"2017-03-03 22:25:04";"will_dankspeare";0;FALSE;837790956376178688;68
"Bubble hard in the double R https://t.co/POwkP58bLd https://t.co/ftde9GtB4E";"2017-03-03 22:16:17";"MixtapesMemes";0;FALSE;837788745818603520;75
"RT @redditBPT: Pizza is cancelled via /r/BlackPeopleTwitter https://t.co/yk0aCoI50J https://t.co/fi33fWAIpP";"2017-03-03 22:16:12";"PadgettQuinn";26;TRUE;837788727430770688;107
"RT @redditBPT: Pizza is cancelled via /r/BlackPeopleTwitter https://t.co/yk0aCoI50J https://t.co/fi33fWAIpP";"2017-03-03 22:08:35";"SgtQuad";26;TRUE;837786809715339264;107
"Taylor Swift is expecting https://t.co/isXffLzWQ6 https://t.co/X89ef7g6DF";"2017-03-03 22:01:33";"MixtapesMemes";0;FALSE;837785038309756928;73
"RT @redditBPT: Pizza is cancelled via /r/BlackPeopleTwitter https://t.co/yk0aCoI50J https://t.co/fi33fWAIpP";"2017-03-03 21:56:01";"portgxs";26;TRUE;837783648363495424;107
"RT @redditBPT: Pizza is cancelled via /r/BlackPeopleTwitter https://t.co/yk0aCoI50J https://t.co/fi33fWAIpP";"2017-03-03 21:54:35";"ShakunetsuHadou";26;TRUE;837783287540170752;107
"RT @redditBPT: Pizza is cancelled via /r/BlackPeopleTwitter https://t.co/yk0aCoI50J https://t.co/fi33fWAIpP";"2017-03-03 21:53:56";"Murderisillegal";26;TRUE;837783121521172480;107
"RT @redditBPT: Pizza is cancelled via /r/BlackPeopleTwitter https://t.co/yk0aCoI50J https://t.co/fi33fWAIpP";"2017-03-03 21:53:21";"ktnxhigh";26;TRUE;837782974733045760;107
"RT @redditBPT: Mistress coming and tearing the royal court apart via /r/BlackPeopleTwitter https://t.co/gLMJzTCeoy https://t.co/0pm03oOvkd";"2017-03-03 21:52:10";"AdzBennet";3;TRUE;837782679206637568;138
"RT @redditBPT: Pizza is cancelled via /r/BlackPeopleTwitter https://t.co/yk0aCoI50J https://t.co/fi33fWAIpP";"2017-03-03 21:50:24";"Dragime";26;TRUE;837782234769715200;107
"RT @redditBPT: Pizza is cancelled via /r/BlackPeopleTwitter https://t.co/yk0aCoI50J https://t.co/fi33fWAIpP";"2017-03-03 21:50:03";"DandySwagg";26;TRUE;837782146219720704;107
"RT @redditBPT: Pizza is cancelled via /r/BlackPeopleTwitter https://t.co/yk0aCoI50J https://t.co/fi33fWAIpP";"2017-03-03 21:49:40";"Dragovus";26;TRUE;837782050795044864;107
"RT @redditBPT: Pizza is cancelled via /r/BlackPeopleTwitter https://t.co/yk0aCoI50J https://t.co/fi33fWAIpP";"2017-03-03 21:49:18";"VioletEyesWTF";26;TRUE;837781956574212096;107
"The McChicken was there before the W-2s https://t.co/w2JYVEcO8T https://t.co/8923CN1xaL";"2017-03-03 21:46:41";"MixtapesMemes";0;FALSE;837781298894766080;87
"RT @redditBPT: No way I'm going back. via /r/BlackPeopleTwitter https://t.co/5yYG0mg4Sd https://t.co/O7PXmldQlm";"2017-03-03 21:39:41";"Bvttousai";1;TRUE;837779536691384320;111
"I guess Remy called her Spongebob for a reason https://t.co/upMnLo4w4V https://t.co/YBfPo0Au3N";"2017-03-03 21:31:18";"MixtapesMemes";0;FALSE;837777428856647680;94
"#FreeX via /r/BlackPeopleTwitter https://t.co/O0eQ6nQPeM https://t.co/LMGhnTcvDt";"2017-03-03 21:14:34";"IAmAllenBot";0;FALSE;837773217804746752;80
"Mistress coming and tearing the royal court apart via /r/BlackPeopleTwitter https://t.co/e5PCK5aswd https://t.co/fj5I2wME60";"2017-03-03 21:14:33";"IAmAllenBot";0;FALSE;837773210565414912;123
"No way I'm going back. via /r/BlackPeopleTwitter https://t.co/oQgNhphDRb https://t.co/rFQ8NFZNoJ";"2017-03-03 21:14:31";"IAmAllenBot";0;FALSE;837773202159960064;96
"RT @redditBPT: He's not lying tho via /r/BlackPeopleTwitter https://t.co/HGbbaEf7wp https://t.co/P0M0eqohOq";"2017-03-03 21:14:25";"dwats_iam92";3;TRUE;837773179879849984;107
"RT @redditBPT: On the lookout via /r/BlackPeopleTwitter https://t.co/IsCaMrJrHZ https://t.co/8khmovc17s";"2017-03-03 21:12:57";"dwats_iam92";2;TRUE;837772810873368576;103
"RT @redditBPT: Iron Mike ain't got shit on him. via /r/BlackPeopleTwitter https://t.co/UnzDXk4nvk https://t.co/qy0elMZ0zx";"2017-03-03 21:12:37";"dwats_iam92";2;TRUE;837772724424609792;121
"#FreeX via /r/BlackPeopleTwitter https://t.co/bzljmDzBSg https://t.co/PqPiYEeHdD";"2017-03-03 21:12:33";"redditBPT";0;FALSE;837772707970306048;80
"Mistress coming and tearing the royal court apart via /r/BlackPeopleTwitter https://t.co/gLMJzTCeoy https://t.co/0pm03oOvkd";"2017-03-03 21:12:31";"redditBPT";3;FALSE;837772701049708544;123
"No way I'm going back. via /r/BlackPeopleTwitter https://t.co/5yYG0mg4Sd https://t.co/O7PXmldQlm";"2017-03-03 21:12:29";"redditBPT";1;FALSE;837772692627546112;96
"Mistress coming and tearing the royal court apart #blackpeopletwitter https://t.co/wheXfhoQWT";"2017-03-03 21:07:11";"niggaztweet";0;FALSE;837771357605724160;93
"That's that witchkraft https://t.co/1aUKhg69FM https://t.co/bS3O8MnMJK";"2017-03-03 21:06:04";"MixtapesMemes";0;FALSE;837771076973244416;70
"When your beliefs are unpopular because you commented in /r/blackpeopletwitter via /r/Libe… https://t.co/suAN1n1mvT https://t.co/tj8vh6HHps";"2017-03-03 21:00:32";"jimhanespacm01";0;FALSE;837769686418776064;139
"#FreeX via /r/BlackPeopleTwitter https://t.co/L6BG5O5rQZ https://t.co/7soVFztJBQ";"2017-03-03 20:57:15";"Peopletweetter";0;FALSE;837768856525488128;80
"Mistress coming and tearing the royal court apart via /r/BlackPeopleTwitter https://t.co/y7quDqNQ73 https://t.co/oSJHX54Ax0";"2017-03-03 20:57:13";"Peopletweetter";0;FALSE;837768849906888704;123
"No way I'm going back. via /r/BlackPeopleTwitter https://t.co/RKqW1JBsWO https://t.co/EihDDdnTKm";"2017-03-03 20:57:12";"Peopletweetter";0;FALSE;837768844458536960;96
"RT @rohbhatt: Pizza is cancelled

https://t.co/0LgLL9LOcv
@hyrulecitizen";"2017-03-03 20:55:58";"prissy000";3;TRUE;837768537464848384;72
"Good Morning, My G. via /r/BlackPeopleTwitter https://t.co/liIuS6zsls https://t.co/ZJXhlX4Qua";"2017-03-03 20:39:34";"IAmAllenBot";0;FALSE;837764406608072704;93
"#FreeX #blackpeopletwitter https://t.co/lrbc1HCXID";"2017-03-03 20:37:22";"niggaztweet";0;FALSE;837763853253558272;50
"Good Morning, My G. #blackpeopletwitter https://t.co/C82o0NpZjI";"2017-03-03 20:37:20";"niggaztweet";0;FALSE;837763846647517184;63
"No way I'm going back. #blackpeopletwitter https://t.co/20S8M1afxd";"2017-03-03 20:37:18";"niggaztweet";0;FALSE;837763837554196480;66
"Good Morning, My G. via /r/BlackPeopleTwitter https://t.co/rsroJgWvez https://t.co/oKpsg2orDg";"2017-03-03 20:32:18";"Peopletweetter";0;FALSE;837762580303200256;93
"#memes #dankmemes #funny #Blackpeopletwitter https://t.co/BVlY2YUeZF";"2017-03-03 20:30:05";"will_dankspeare";0;FALSE;837762022200721408;68
"You made it fam @spacebling https://t.co/PbjJkZma3F";"2017-03-03 20:27:25";"PO_Tomato";0;FALSE;837761352701628416;51
"Gta V. https://t.co/t3sK6yVmhk https://t.co/rPOP917P76";"2017-03-03 20:16:26";"MixtapesMemes";0;FALSE;837758588173058048;54
"RT @redditBPT: The girl behind you got a fatty via /r/BlackPeopleTwitter https://t.co/D32Zk4Kj3a https://t.co/rTQSVjLq2n";"2017-03-03 20:09:46";"iNikez";3;TRUE;837756908559818752;120
"Woooooow, that's crazy. #blackpeopletwitter https://t.co/yCW1vwiFGz";"2017-03-03 20:07:12";"niggaztweet";0;FALSE;837756262049804288;67
"Woooooow, that's crazy. via /r/BlackPeopleTwitter https://t.co/uJ9yyxqhYM https://t.co/VI5RYrkCvf";"2017-03-03 20:02:30";"Peopletweetter";0;FALSE;837755080422146048;97
"Woooooow, that's crazy. via /r/BlackPeopleTwitter https://t.co/OTG8zA3GKi https://t.co/rcV1C4txG6";"2017-03-03 20:02:29";"redditBPT";1;FALSE;837755075447689216;97
"That line at Walmart ain't no joke neither via /r/BlackPeopleTwitter https://t.co/fcXEIhpVZm https://t.co/TRY37SM7hW";"2017-03-03 20:02:29";"Peopletweetter";0;FALSE;837755073895759872;116
"That line at Walmart ain't no joke neither via /r/BlackPeopleTwitter https://t.co/HKCqMV5IEx https://t.co/Zq9FquLhru";"2017-03-03 20:02:27";"redditBPT";0;FALSE;837755069131026432;116
"Woooooow, that's crazy. via /r/BlackPeopleTwitter https://t.co/lHRk7OBtdy https://t.co/mxn1ot7Pdp";"2017-03-03 19:54:38";"IAmAllenBot";0;FALSE;837753098546397184;97
"That line at Walmart ain't no joke neither via /r/BlackPeopleTwitter https://t.co/23gcTQTepM https://t.co/sdoPVNNWVy";"2017-03-03 19:54:36";"IAmAllenBot";0;FALSE;837753092607205376;116
"RT @rohbhatt: Pizza is cancelled

https://t.co/0LgLL9LOcv
@hyrulecitizen";"2017-03-03 19:42:57";"hyrulecitizen";3;TRUE;837750158536364032;72
"Pizza is cancelled

https://t.co/0LgLL9LOcv
@hyrulecitizen";"2017-03-03 19:42:32";"rohbhatt";3;FALSE;837750056010858496;58
"#FreeX https://t.co/h3QP5nwAeE https://t.co/GBlmd7edP5";"2017-03-03 19:41:09";"MixtapesMemes";0;FALSE;837749705350209536;54
"Mistress coming and tearing the royal court apart https://t.co/1bINDNEI1q https://t.co/66VmtrlLss";"2017-03-03 19:41:07";"MixtapesMemes";0;FALSE;837749699796938752;97
"That line at Walmart ain't no joke neither #blackpeopletwitter https://t.co/K24UnEQquq";"2017-03-03 19:37:32";"niggaztweet";0;FALSE;837748798055120896;86
"#memes #dankmemes #funny #Blackpeopletwitter https://t.co/rO5lwfAJQM";"2017-03-03 19:35:03";"will_dankspeare";0;FALSE;837748171098947584;68
"RT @redditBPT: Damn.... via /r/BlackPeopleTwitter https://t.co/kaQHI9ljGJ https://t.co/5XJyNGh6DN";"2017-03-03 19:29:20";"PezBmx";4;TRUE;837746733065076736;97
"Hood logic https://t.co/UPhSZmjRdR https://t.co/kRCyIS5UmJ";"2017-03-03 19:26:17";"MixtapesMemes";0;FALSE;837745967499735040;58
"RT @will_dankspeare: #memes #dankmemes #funny #Blackpeopletwitter https://t.co/KntD6BuDMy";"2017-03-03 19:23:34";"Slapwank";1;TRUE;837745280317550592;89
"No way I'm going back. https://t.co/FfacFTGAZK https://t.co/cY3A8PTq1C";"2017-03-03 19:16:42";"MixtapesMemes";0;FALSE;837743556185980928;70
"Iron Mike ain't got shit on him. via /r/BlackPeopleTwitter https://t.co/JnWlyMGI1h https://t.co/wmgP3b0LYf";"2017-03-03 19:12:09";"Peopletweetter";0;FALSE;837742407638790144;106
"Woooooow, that's crazy. https://t.co/cinVzqmk5I https://t.co/RvhGK4fHh6";"2017-03-03 19:11:39";"MixtapesMemes";0;FALSE;837742281683795968;71
"Pizza is cancelled via /r/BlackPeopleTwitter https://t.co/Innk7V2Yea";"2017-03-03 19:00:32";"News_Screamer";0;FALSE;837739484808638464;68
"#memes #dankmemes #funny #Blackpeopletwitter https://t.co/zMWF7Wluq6";"2017-03-03 19:00:04";"will_dankspeare";0;FALSE;837739368446066688;68
"Pizza is cancelled https://t.co/ZvjsVzEdP0 https://t.co/7CXT3NaBRS https://t.co/2T9plTqQeu";"2017-03-03 18:46:29";"RedditBest";0;FALSE;837735952017735680;90
"#memes #dankmemes #funny #Blackpeopletwitter https://t.co/745nnFsIDi";"2017-03-03 18:45:12";"will_dankspeare";0;FALSE;837735626782953472;68
"Iron Mike ain't got shit on him. #blackpeopletwitter https://t.co/dD6gedBttp";"2017-03-03 18:42:13";"niggaztweet";0;FALSE;837734876644245504;76
"Chilligator https://t.co/WMzs9GCEMC https://t.co/0NikNv2rpi";"2017-03-03 18:41:31";"MixtapesMemes";0;FALSE;837734699023872000;59
"RT @redditBPT: Aqua 8's are no match for Bat 2's. they Just isn't in the same League. via /r/BlackPeopleT… https://t.co/XosSE5MQAD https://…";"2017-03-03 18:41:23";"king_slof";2;TRUE;837734667461742592;140
"RT @MixtapesMemes: Star Trek is racist EXP0SED!! https://t.co/dc7z95ZFRe https://t.co/prRrko4ShI";"2017-03-03 18:37:07";"trekonomicsbot";1;TRUE;837733594441351168;96
"Star Trek is racist EXP0SED!! https://t.co/dc7z95ZFRe https://t.co/prRrko4ShI";"2017-03-03 18:36:23";"MixtapesMemes";1;FALSE;837733406570123264;77
"Iron Mike ain't got shit on him. via /r/BlackPeopleTwitter https://t.co/UnzDXk4nvk https://t.co/qy0elMZ0zx";"2017-03-03 18:27:20";"redditBPT";2;FALSE;837731130233110528;106
"Iron Mike ain't got shit on him. via /r/BlackPeopleTwitter https://t.co/TYp4BCOfkw https://t.co/SnzeyFouxr";"2017-03-03 18:24:44";"IAmAllenBot";0;FALSE;837730477482074112;106
"RT @redditBPT: but...but Isis..? via /r/BlackPeopleTwitter https://t.co/7bpLn0fmdq https://t.co/cgStwBIYhO";"2017-03-03 18:24:12";"JusticeMcmill";11;TRUE;837730343453065216;106
"#memes #dankmemes #funny #Blackpeopletwitter https://t.co/KntD6BuDMy";"2017-03-03 18:20:03";"will_dankspeare";1;FALSE;837729298559746048;68
"RT @redditBPT: Looks better then ever via /r/BlackPeopleTwitter https://t.co/PtKlC2jOsv https://t.co/rMhyxEoTY0";"2017-03-03 18:17:09";"kchronley";5;TRUE;837728568889106432;111
"Pizza is cancelled https://t.co/IewRJ0yO38 https://t.co/wtfNpa8DE7";"2017-03-03 18:15:36";"thur5day";0;FALSE;837728176327491584;66
"Pizza is cancelled https://t.co/hwpXbtLYuz";"2017-03-03 18:12:59";"DamiensHeart";0;FALSE;837727518031491072;42
"Pizza is cancelled https://t.co/w2iQ7lTai6 https://t.co/jD4FC1DUwN";"2017-03-03 18:07:34";"ireddit";0;FALSE;837726154916159488;66
"Pizza is cancelled https://t.co/Ur8uOM4KBM #reddit https://t.co/CVFQoOaA3C";"2017-03-03 18:07:24";"ireddit";0;FALSE;837726114034270208;74
"That line at Walmart ain't no joke neither https://t.co/4hAcQq6N3A https://t.co/4S2JZUzbZq";"2017-03-03 18:06:27";"MixtapesMemes";0;FALSE;837725874787139584;90
"Aqua 8's are no match for Bat 2's. they Just isn't in the same League. via /r/BlackPeopleT… https://t.co/XosSE5MQAD https://t.co/LTQuxuk0kI";"2017-03-03 18:02:13";"redditBPT";2;FALSE;837724808330649600;139
"It's the circle of life https://t.co/6v6WZAX9AY https://t.co/Tq33NkslsH";"2017-03-03 18:01:14";"MixtapesMemes";0;FALSE;837724563123339264;71
"#memes #dankmemes #funny #Blackpeopletwitter https://t.co/193hrfwM60";"2017-03-03 18:00:18";"will_dankspeare";0;FALSE;837724325922877440;68
"<ed><U+00A0><U+00BD><ed><U+00B3><U+00B7> y'all, i apologize. (via /r/BlackPeopleTwitter) https://t.co/6i785PQwYX";"2017-03-03 17:58:21";"DarceyBusch";0;FALSE;837723835990437888;112
"When your beliefs are unpopular because you commented in /r/blackpeopletwitter via /r/Libertarian https://t.co/xIZyqqDy0Z";"2017-03-03 17:55:17";"max_follow";0;FALSE;837723066776096768;121
"Aqua 8's are no match for Bat 2's. they Just isn't in the same League. via /r/BlackPeopleT… https://t.co/Yv0ZTn3Lxk https://t.co/0lFLtLNhSc";"2017-03-03 17:54:26";"IAmAllenBot";0;FALSE;837722853143375872;139
"Aqua 8's are no match for Bat 2's. they Just isn't in the same League. via /r/BlackPeopleT… https://t.co/uOJ9T4zlf5 https://t.co/nb4dqAcgqh";"2017-03-03 17:52:21";"Peopletweetter";0;FALSE;837722325319581696;139
"Pizza is cancelled https://t.co/fhyrJCTCDn https://t.co/aP0Z4Us9ve";"2017-03-03 17:46:11";"ChrisTidder";0;FALSE;837720773468921856;66
"Aqua 8's are no match for Bat 2's. they Just isn't in the same League. #blackpeopletwitter https://t.co/hK4L1MJikE";"2017-03-03 17:42:22";"niggaztweet";0;FALSE;837719814659506176;114
"Good Morning, My G. https://t.co/SKojZBCieB https://t.co/DGq1YyzIYG";"2017-03-03 17:41:42";"MixtapesMemes";0;FALSE;837719645079683072;67
"RT @redditBPT: Looks better then ever via /r/BlackPeopleTwitter https://t.co/PtKlC2jOsv https://t.co/rMhyxEoTY0";"2017-03-03 17:40:26";"Bvttousai";5;TRUE;837719326492786688;111
"RT @redditBPT: Who does he think he is coughing in the house of the lord via /r/BlackPeopleTwitter https://t.co/teL1q6grs4 https://t.co/X9r…";"2017-03-03 17:37:58";"Bvttousai";1;TRUE;837718705668669440;140
"RT @redditBPT: Pizza is cancelled via /r/BlackPeopleTwitter https://t.co/yk0aCoI50J https://t.co/fi33fWAIpP";"2017-03-03 17:36:04";"Bvttousai";26;TRUE;837718227568345088;107
"R-E-S-P-E-C-T, find out what it means to US. https://t.co/88ohazlmci https://t.co/hxjMk6B95c";"2017-03-03 17:26:27";"MixtapesMemes";0;FALSE;837715810575581184;92
"Apt Comparison #blackpeopletwitter https://t.co/unz7PZCLtz";"2017-03-03 17:12:39";"niggaztweet";1;FALSE;837712334424526848;58
"Pizza is cancelled #blackpeopletwitter https://t.co/HxADDEkZII";"2017-03-03 17:12:37";"niggaztweet";0;FALSE;837712327545847808;62
"RT @redditBPT: Pizza is cancelled via /r/BlackPeopleTwitter https://t.co/yk0aCoI50J https://t.co/fi33fWAIpP";"2017-03-03 17:12:16";"dovvty";26;TRUE;837712239066939392;107
"Pizza is cancelled via /r/BlackPeopleTwitter https://t.co/Dv7zi0VC0L https://t.co/XH7rIlaZuj";"2017-03-03 17:07:18";"Peopletweetter";0;FALSE;837710990150156288;92
"Pizza is cancelled via /r/BlackPeopleTwitter https://t.co/fj2Fs4879s https://t.co/k0cpdoR9tV";"2017-03-03 17:04:19";"IAmAllenBot";0;FALSE;837710240334368768;92
"facebook issa cancer https://t.co/2NdcdZmrx0 https://t.co/laYq78uAnn";"2017-03-03 17:01:45";"MixtapesMemes";0;FALSE;837709594864533504;68
"Pizza is cancelled via /r/BlackPeopleTwitter https://t.co/yk0aCoI50J https://t.co/fi33fWAIpP";"2017-03-03 16:57:22";"redditBPT";26;FALSE;837708491615846400;92
"but...but Isis..? via /r/BlackPeopleTwitter https://t.co/7bpLn0fmdq https://t.co/cgStwBIYhO";"2017-03-03 16:57:19";"redditBPT";11;FALSE;837708478437277696;91
"Aqua 8's are no match for Bat 2's. they Just isn't in the same League. https://t.co/W8goLyqSeH https://t.co/B1pxcHS6Aq";"2017-03-03 16:51:21";"MixtapesMemes";0;FALSE;837706975651774464;118
"but...but Isis..? #blackpeopletwitter https://t.co/LYh5q2ccNA";"2017-03-03 16:42:22";"niggaztweet";0;FALSE;837704713835528192;61
"Apt Comparison https://t.co/enupgMcr8u https://t.co/69TnLFerXi";"2017-03-03 16:36:06";"MixtapesMemes";0;FALSE;837703136890466304;62
"RT @redditBPT: The girl behind you got a fatty via /r/BlackPeopleTwitter https://t.co/D32Zk4Kj3a https://t.co/rTQSVjLq2n";"2017-03-03 16:31:40";"MikeWiggs34";3;TRUE;837702021423726592;120
"but...but Isis..? via /r/BlackPeopleTwitter https://t.co/bjrPqZiMQu https://t.co/YaS9hEVj1w";"2017-03-03 16:29:12";"IAmAllenBot";0;FALSE;837701401979518976;91
"On the lookout via /r/BlackPeopleTwitter https://t.co/2H0yEvoS3z https://t.co/vCidzFkZ5c";"2017-03-03 16:29:10";"IAmAllenBot";0;FALSE;837701393691602944;88
"but...but Isis..? via /r/BlackPeopleTwitter https://t.co/Lbq48PU0jV https://t.co/A2ChdDCA2a";"2017-03-03 16:27:28";"Peopletweetter";0;FALSE;837700964517875712;91
"On the lookout via /r/BlackPeopleTwitter https://t.co/cBu3TF4l3O https://t.co/qvntwehDZ6";"2017-03-03 16:27:26";"Peopletweetter";0;FALSE;837700958637473792;88
"#memes #dankmemes #funny #Blackpeopletwitter https://t.co/AqqhBOWaqj";"2017-03-03 16:25:04";"will_dankspeare";0;FALSE;837700359263043584;68
"On the lookout #blackpeopletwitter https://t.co/srtV5Uqwpw";"2017-03-03 16:22:50";"niggaztweet";0;FALSE;837699799851888640;58
"#memes #dankmemes #funny #Blackpeopletwitter https://t.co/TXAsUQw0sX";"2017-03-03 16:20:04";"will_dankspeare";0;FALSE;837699102926336000;68
"#memes #dankmemes #funny #Blackpeopletwitter https://t.co/8WKCI74n5S";"2017-03-03 16:15:05";"will_dankspeare";0;FALSE;837697849060167680;68
"On the lookout via /r/BlackPeopleTwitter https://t.co/IsCaMrJrHZ https://t.co/8khmovc17s";"2017-03-03 16:03:01";"redditBPT";2;FALSE;837694810802819072;88
"but...but Isis..? https://t.co/fEQ43BrNq3 https://t.co/aos5NCRcm9";"2017-03-03 15:57:02";"MixtapesMemes";0;FALSE;837693305748144128;65
"Iron Mike ain't got shit on him. https://t.co/SMhLFNB6Kh https://t.co/FcQfIyloTS";"2017-03-03 15:57:01";"MixtapesMemes";0;FALSE;837693301310517248;80
"The girl behind you got a fatty #blackpeopletwitter https://t.co/AHKF8s99qA";"2017-03-03 15:47:16";"niggaztweet";0;FALSE;837690846954799104;75
"#memes #dankmemes #funny #Blackpeopletwitter https://t.co/bjlD0866XK";"2017-03-03 15:30:04";"will_dankspeare";0;FALSE;837686521658494976;68
"The girl behind you got a fatty via /r/BlackPeopleTwitter https://t.co/D32Zk4Kj3a https://t.co/rTQSVjLq2n";"2017-03-03 15:27:55";"redditBPT";3;FALSE;837685977841819648;105
"The girl behind you got a fatty via /r/BlackPeopleTwitter https://t.co/TbUC3p9yXv https://t.co/fbfE2VQml2";"2017-03-03 15:27:14";"Peopletweetter";0;FALSE;837685808106782720;105
"The girl behind you got a fatty via /r/BlackPeopleTwitter https://t.co/5RS78SExdX https://t.co/8nDt7OXWy3";"2017-03-03 15:19:31";"IAmAllenBot";0;FALSE;837683866567589888;105
"#memes #dankmemes #funny #Blackpeopletwitter https://t.co/8PgQwWqBrN";"2017-03-03 15:10:08";"will_dankspeare";0;FALSE;837681502032912384;68
"Looks better then ever https://t.co/5eqzY7r3P8 https://t.co/fUKzV6pmel";"2017-03-03 14:57:20";"ChrisTidder";0;FALSE;837678280622792704;70
"Who does he think he is coughing in the house of the lord #blackpeopletwitter https://t.co/7hX0fLunBv";"2017-03-03 14:57:09";"niggaztweet";0;FALSE;837678234552700928;101
"On the lookout https://t.co/V9aeH8dBya https://t.co/Ec0Rvbt6Qq";"2017-03-03 14:56:06";"MixtapesMemes";0;FALSE;837677973021081600;62
"You move on and I'll move in my grave boy https://t.co/wk70zCn90G https://t.co/QFECDw1vLS";"2017-03-03 14:56:05";"MixtapesMemes";0;FALSE;837677968575037440;89
"#memes #dankmemes #funny #Blackpeopletwitter https://t.co/h3crEE7bTp";"2017-03-03 14:50:07";"will_dankspeare";0;FALSE;837676468134154240;68
"All in my feelings https://t.co/fTVtC1N9v0 https://t.co/Zl5P2rL6Dy";"2017-03-03 14:46:26";"MixtapesMemes";0;FALSE;837675539204816896;66
"#memes #dankmemes #funny #Blackpeopletwitter https://t.co/ZDgLyDIueN";"2017-03-03 14:40:05";"will_dankspeare";0;FALSE;837673940990459904;68
"RT @redditBPT: Looks better then ever via /r/BlackPeopleTwitter https://t.co/PtKlC2jOsv https://t.co/rMhyxEoTY0";"2017-03-03 14:39:25";"Ahedier1";5;TRUE;837673774388498432;111
"#memes #dankmemes #funny #Blackpeopletwitter https://t.co/thnV5pOFGF";"2017-03-03 14:35:21";"will_dankspeare";0;FALSE;837672748801486848;68
"RT @redditBPT: Just Putin, don't pull out via /r/BlackPeopleTwitter https://t.co/wRdgWysQyi https://t.co/Hx6CrEIxT7";"2017-03-03 14:21:30";"reygnoso";4;TRUE;837669265381675008;115
"Who needs marinade when you can serenade via /r/BlackPeopleTwitter https://t.co/0kegAqUhKg https://t.co/PT7z8dt3qy";"2017-03-03 14:19:05";"IAmAllenBot";0;FALSE;837668656314265600;114
"Dick Dick Goose https://t.co/AtLrjFn2iN https://t.co/ThzTOdt32B";"2017-03-03 14:16:36";"MixtapesMemes";0;FALSE;837668032910614528;63
"We live in a post-racial America <U+653C><U+3E64><U+613C><U+3E30><U+623C><U+3E64><U+653C><U+3E64><U+623C><U+3E38><U+393C><U+3E31> https://t.co/nvsKqSUZiv https://t.co/BuHzQoYNBb";"2017-03-03 14:16:35";"MixtapesMemes";0;FALSE;837668026774351872;177
"RT @redditBPT: New threat emerges via /r/BlackPeopleTwitter https://t.co/8JkYNdruDU https://t.co/T1w3SGU8z0";"2017-03-03 14:01:22";"SL_Turtle";11;TRUE;837664197274189824;107
"Who does he think he is coughing in the house of the lord via /r/BlackPeopleTwitter https://t.co/WVKGkt7UEQ https://t.co/NathZUDGp5";"2017-03-03 13:59:14";"IAmAllenBot";0;FALSE;837663663175712768;131
"#memes #dankmemes #funny #Blackpeopletwitter https://t.co/1S47lMK0qo";"2017-03-03 13:55:04";"will_dankspeare";0;FALSE;837662613081325568;68
"Who does he think he is coughing in the house of the lord via /r/BlackPeopleTwitter https://t.co/teL1q6grs4 https://t.co/X9r1DDEChi";"2017-03-03 13:52:52";"redditBPT";1;FALSE;837662056937570304;131
"I got a real good jazz collection at the crib via /r/BlackPeopleTwitter https://t.co/lXueC0thsJ https://t.co/5IoCaplYQJ";"2017-03-03 13:52:50";"redditBPT";1;FALSE;837662051581444096;119
"Who does he think he is coughing in the house of the lord via /r/BlackPeopleTwitter https://t.co/vCUNaCQJqu https://t.co/TuqGK6Yamn";"2017-03-03 13:47:25";"Peopletweetter";0;FALSE;837660687606366208;131
"I got a real good jazz collection at the crib #blackpeopletwitter https://t.co/UgEYfRbi2g";"2017-03-03 13:47:13";"niggaztweet";0;FALSE;837660638331678720;89
"Indoors is where I wanna be https://t.co/LiwucG8GEl https://t.co/tZo8J54FGR";"2017-03-03 13:46:19";"MixtapesMemes";0;FALSE;837660411356905472;75
"I got a real good jazz collection at the crib via /r/BlackPeopleTwitter https://t.co/o55xv8vEW6 https://t.co/0HLfldskOj";"2017-03-03 13:22:10";"Peopletweetter";0;FALSE;837654333428756480;119
"I got a real good jazz collection at the crib via /r/BlackPeopleTwitter https://t.co/c5PykeXwOg https://t.co/pPObQz23JF";"2017-03-03 13:19:19";"IAmAllenBot";0;FALSE;837653617255530496;119
"Just Putin, don't pull out #blackpeopletwitter https://t.co/M6J6kAUvpK";"2017-03-03 13:02:24";"niggaztweet";0;FALSE;837649357159673856;70
"Looks better then ever #blackpeopletwitter https://t.co/ZPDunIW7qM";"2017-03-03 13:02:22";"niggaztweet";0;FALSE;837649349542887424;66
"Just Putin, don't pull out via /r/BlackPeopleTwitter https://t.co/tFwngQCtEu https://t.co/sZ6FwcwZKh";"2017-03-03 12:59:18";"IAmAllenBot";0;FALSE;837648578201980928;100
"Looks better then ever via /r/BlackPeopleTwitter https://t.co/5dGTwWyDMx https://t.co/WppmOfDQg2";"2017-03-03 12:59:17";"IAmAllenBot";0;FALSE;837648572929691648;96
"I'd love to be a part of one someday via /r/BlackPeopleTwitter https://t.co/5ycLIp2vVg https://t.co/JGu9jrxirk";"2017-03-03 12:59:15";"IAmAllenBot";0;FALSE;837648566910914560;110
"#memes #dankmemes #funny #Blackpeopletwitter https://t.co/3NzI719qrS";"2017-03-03 12:45:05";"will_dankspeare";0;FALSE;837645000330653696;68
"Looks better then ever via /r/BlackPeopleTwitter https://t.co/Ah0PNCeYFf https://t.co/t0YLVZNsOg";"2017-03-03 12:42:28";"Peopletweetter";0;FALSE;837644342198169600;96
"RT @redditBPT: Space XXX via /r/BlackPeopleTwitter https://t.co/58jczmPU0W https://t.co/8Xxo5XXhmn";"2017-03-03 12:35:08";"saforem2";4;TRUE;837642497316777984;98
"Looks better then ever via /r/BlackPeopleTwitter https://t.co/PtKlC2jOsv https://t.co/rMhyxEoTY0";"2017-03-03 12:32:14";"redditBPT";5;FALSE;837641765406519296;96
"#memes #dankmemes #funny #Blackpeopletwitter https://t.co/7felDDNJ73";"2017-03-03 12:20:03";"will_dankspeare";0;FALSE;837638700691501056;68
"#memes #dankmemes #funny #Blackpeopletwitter https://t.co/Xw3HMvcNJI";"2017-03-03 12:15:06";"will_dankspeare";0;FALSE;837637456958799872;68
"Only $99999 per gallon https://t.co/dp0sPcX2St https://t.co/kBnaI9TWKO";"2017-03-03 12:11:28";"MixtapesMemes";0;FALSE;837636540239130624;70
"Just Putin, don't pull out via /r/BlackPeopleTwitter https://t.co/wRdgWysQyi https://t.co/Hx6CrEIxT7";"2017-03-03 11:52:09";"redditBPT";4;FALSE;837631678633938944;100
"Who needs marinade when you can serenade https://t.co/qsEKCJrryH https://t.co/6tkKoWfbiQ";"2017-03-03 11:41:11";"MixtapesMemes";0;FALSE;837628921721958400;88
"Just Putin, don't pull out via /r/BlackPeopleTwitter https://t.co/Me2cqHsVKD https://t.co/8wIvskOBjM";"2017-03-03 11:27:16";"Peopletweetter";0;FALSE;837625418995937280;100
"Who does he think he is coughing in the house of the lord https://t.co/hypnuNSyVP https://t.co/RPS7S4ymVw";"2017-03-03 11:21:28";"MixtapesMemes";0;FALSE;837623956953780224;105
"#memes #dankmemes #funny #Blackpeopletwitter https://t.co/aLmbP5ybNB";"2017-03-03 11:15:03";"will_dankspeare";0;FALSE;837622342293598208;68
"Mah dick via /r/BlackPeopleTwitter https://t.co/hUfW3eqGHG https://t.co/sfNmMJldLQ";"2017-03-03 10:57:16";"Peopletweetter";0;FALSE;837617869345206272;82
"I'd love to be a part of one someday via /r/BlackPeopleTwitter https://t.co/BNEnY5fq7J https://t.co/C3sOPBltA9";"2017-03-03 10:57:15";"Peopletweetter";0;FALSE;837617862290329600;110
"I'd love to be a part of one someday via /r/BlackPeopleTwitter https://t.co/UdIOWWjNsL https://t.co/IkCB6xTGyS";"2017-03-03 10:52:07";"redditBPT";1;FALSE;837616570688028672;110
"The girl behind you got a fatty https://t.co/66vvPRaWXv https://t.co/FJwS8Mei9S";"2017-03-03 10:41:14";"MixtapesMemes";0;FALSE;837613834223386624;79
"#memes #dankmemes #funny #Blackpeopletwitter https://t.co/oZAcxnvv3n";"2017-03-03 10:40:09";"will_dankspeare";0;FALSE;837613558577905664;68
"I'd love to be a part of one someday #blackpeopletwitter https://t.co/TSJ6Pmhstc";"2017-03-03 10:38:32";"niggaztweet";0;FALSE;837613152070139904;80
"#memes #dankmemes #funny #Blackpeopletwitter https://t.co/sAiZ5Octkd";"2017-03-03 10:00:03";"will_dankspeare";0;FALSE;837603468860862464;68
"Space XXX https://t.co/D3KgZBPYSg https://t.co/HdQgEIbx6v";"2017-03-03 09:18:18";"kwiallus";0;FALSE;837592962510921728;57
"Mah dick #blackpeopletwitter https://t.co/d6yICb84y8";"2017-03-03 08:57:06";"niggaztweet";0;FALSE;837587628639805440;52
"He's not lying tho #blackpeopletwitter https://t.co/vHRc8vl6wa";"2017-03-03 08:57:05";"niggaztweet";0;FALSE;837587622440620032;62
"RT @redditBPT: He's not lying tho via /r/BlackPeopleTwitter https://t.co/HGbbaEf7wp https://t.co/P0M0eqohOq";"2017-03-03 08:33:23";"XunDigital";3;TRUE;837581656793894912;107
"RT @redditBPT: y'all, i apologize. via /r/BlackPeopleTwitter https://t.co/LlI9RWuIHr https://t.co/bEXOIW0SgR";"2017-03-03 08:27:59";"adamjjr94";4;TRUE;837580299999510528;108
"When you baked AF https://t.co/4dxh1Z4jPa https://t.co/ssYXiKJRX3";"2017-03-03 08:21:17";"MixtapesMemes";0;FALSE;837578612924645376;65
"Mah dick via /r/BlackPeopleTwitter https://t.co/YMcKvRpOgt https://t.co/7ADlz1Ioj3";"2017-03-03 08:14:21";"IAmAllenBot";0;FALSE;837576866777149440;82
"Mah dick via /r/BlackPeopleTwitter https://t.co/GZqSjpIb80 https://t.co/k3qy7gIE5f";"2017-03-03 08:12:23";"redditBPT";1;FALSE;837576375301255168;82
"He's not lying tho via /r/BlackPeopleTwitter https://t.co/HGbbaEf7wp https://t.co/P0M0eqohOq";"2017-03-03 08:12:22";"redditBPT";3;FALSE;837576370666491904;92
"If a mf got $2 more dollars then me, I'm suing you. https://t.co/2XrUsgMLEW https://t.co/sLs7Tx9zdp";"2017-03-03 08:11:24";"MixtapesMemes";0;FALSE;837576124418904064;99
"#memes #dankmemes #funny #Blackpeopletwitter https://t.co/JFksCKLjL2";"2017-03-03 08:00:04";"will_dankspeare";0;FALSE;837573271960838144;68
"Looks better then ever https://t.co/Xb3ey99qyO https://t.co/K96Ipm49Oy";"2017-03-03 07:41:11";"MixtapesMemes";0;FALSE;837568523719299072;70
"Yea... about that... https://t.co/aWjD5L4isd https://t.co/F2QnjIw2H0";"2017-03-03 07:41:10";"MixtapesMemes";0;FALSE;837568518317047808;68
"I got a real good jazz collection at the crib https://t.co/ZOxcx5dPuB https://t.co/Iot13QZjNI";"2017-03-03 07:31:33";"MixtapesMemes";0;FALSE;837566098778308608;93
"Taxes ain't no joke https://t.co/SEEZwW5cOm https://t.co/Mi9WwVDkLr";"2017-03-03 07:21:08";"MixtapesMemes";0;FALSE;837563477074010112;67
"yo she's onto something https://t.co/wKpsS3c4nP https://t.co/wmBwgSAMtw";"2017-03-03 07:21:07";"MixtapesMemes";0;FALSE;837563472003096576;71
"#memes #dankmemes #funny #Blackpeopletwitter https://t.co/OCGTbpuvO3";"2017-03-03 07:20:20";"will_dankspeare";0;FALSE;837563274661093376;68
"He's not lying tho via /r/BlackPeopleTwitter https://t.co/1k0Eg7Pban https://t.co/lTdPW8FrPf";"2017-03-03 07:14:28";"IAmAllenBot";0;FALSE;837561796697300992;92
"He's not lying tho via /r/BlackPeopleTwitter https://t.co/6kqPq4td0G https://t.co/5ofoGPLy4T";"2017-03-03 07:12:24";"Peopletweetter";0;FALSE;837561277287399424;92
"Stop, drop top and roll https://t.co/InZRkGHT59 via @reddit";"2017-03-03 07:11:10";"Lickwidsoap";0;FALSE;837560969643511808;59
"Space XXX https://t.co/jDmelwYu5M https://t.co/uppTbfYbuk";"2017-03-03 06:59:13";"ireddit";0;FALSE;837557959441854464;57
"Space XXX https://t.co/8InlD7bl7L #reddit https://t.co/UJBpKMHTKA";"2017-03-03 06:59:08";"ireddit";0;FALSE;837557941259534336;65
"Space XXX https://t.co/TmimLsisdA https://t.co/P6Jk0W5UCx";"2017-03-03 06:59:04";"wwwepiroid";0;FALSE;837557924662693888;57
"Space XXX https://t.co/ICaDYtE9u1 https://t.co/mHLBPnDIxw";"2017-03-03 06:38:21";"ChrisTidder";0;FALSE;837552708492001280;57
"Space XXX https://t.co/Zju1KuDZTH";"2017-03-03 06:37:16";"DamiensHeart";0;FALSE;837552437288284160;33
"Space XXX https://t.co/H7278U3fLv https://t.co/DAEtGuNwbA";"2017-03-03 06:35:07";"thur5day";0;FALSE;837551894377586688;57
"@zachsleung What is looking through blackpeopletwitter";"2017-03-03 06:09:12";"samshatsky";0;FALSE;837545375049211904;54
"(K)Nighthood (x-post /r/BlackPeopleTwitter) https://t.co/q0XkzuOicB";"2017-03-03 06:01:22";"MemeATron5000";0;FALSE;837543400538660864;67
"Conservatives irl https://t.co/d6UXjVJbOg https://t.co/LTP6OkJqg4";"2017-03-03 06:00:07";"kwiallus";0;FALSE;837543087727493120;65
"@liluzitard @skrongmeat_ blackpeopletwitter";"2017-03-03 05:43:02";"ForbesListJr";0;FALSE;837538788842745856;43
"RT @will_dankspeare: #memes #dankmemes #funny #Blackpeopletwitter https://t.co/0p7a2c19UD";"2017-03-03 05:35:30";"JustNope30";1;TRUE;8.37536890895e+17;89
"#memes #dankmemes #funny #Blackpeopletwitter https://t.co/0p7a2c19UD";"2017-03-03 05:35:10";"will_dankspeare";1;FALSE;837536807789088768;68
"I'd love to be a part of one someday https://t.co/4H0pr38O0z https://t.co/58ZCRBrtZp";"2017-03-03 05:31:46";"MixtapesMemes";0;FALSE;837535952499154944;84
"Space XXX via /r/BlackPeopleTwitter https://t.co/N2ckifJHb7 https://t.co/YCFXV5QBuS";"2017-03-03 05:29:11";"Peopletweetter";0;FALSE;837535300863717376;83
"RT @redditBPT: Space XXX via /r/BlackPeopleTwitter https://t.co/58jczmPU0W https://t.co/8Xxo5XXhmn";"2017-03-03 05:21:52";"JF4bes";4;TRUE;837533461560737792;98
"issa gramps https://t.co/b7bNTeYwaD https://t.co/RNX0hjJKLv";"2017-03-03 05:20:34";"MixtapesMemes";0;FALSE;837533134354702336;59
"Space XXX via /r/BlackPeopleTwitter https://t.co/58jczmPU0W https://t.co/8Xxo5XXhmn";"2017-03-03 05:07:17";"redditBPT";4;FALSE;837529792090034176;83
"RT @WaltBismarck: it's been interesting observing how blackpeopletwitter evolved from shitposting to nothing but black nationalism

just li…";"2017-03-03 04:55:34";"UUUUUZZZZZ3";7;TRUE;837526844484149248;140
"Space XXX via /r/BlackPeopleTwitter https://t.co/x2fvLNDEig https://t.co/NcCwSKfVG0";"2017-03-03 04:49:09";"IAmAllenBot";0;FALSE;837525227936440320;83
"RT @redditBPT: It's time to McStop via /r/BlackPeopleTwitter https://t.co/5GMk8eiRZK https://t.co/jWiUTM7j3s";"2017-03-03 04:33:38";"NotChrisRyan";8;TRUE;837521321898700800;108
"RT @redditBPT: The struggle dating crazy via /r/BlackPeopleTwitter https://t.co/lvmz5Ccp5s https://t.co/4GO5869VGp";"2017-03-03 04:28:06";"NotChrisRyan";8;TRUE;837519931486908416;114
"Space XXX #blackpeopletwitter https://t.co/fAWjFujjDY";"2017-03-03 04:27:10";"niggaztweet";0;FALSE;837519696891084800;53
"y'all, i apologize. #blackpeopletwitter https://t.co/uMThjXJyxz";"2017-03-03 04:17:10";"niggaztweet";0;FALSE;837517179675357184;63
"y'all, i apologize. via /r/BlackPeopleTwitter https://t.co/6htIb83pJx https://t.co/wOctxZpvdQ";"2017-03-03 03:57:13";"Peopletweetter";0;FALSE;837512157369618432;93
"#memes #dankmemes #funny #Blackpeopletwitter https://t.co/hw5fVUdIke";"2017-03-03 03:55:05";"will_dankspeare";0;FALSE;837511623501819904;68
"y'all, i apologize. via /r/BlackPeopleTwitter https://t.co/OngaLxsgPm https://t.co/AjnsO12sI9";"2017-03-03 03:49:20";"IAmAllenBot";0;FALSE;837510172683735040;93
"RT @redditBPT: y'all, i apologize. via /r/BlackPeopleTwitter https://t.co/LlI9RWuIHr https://t.co/bEXOIW0SgR";"2017-03-03 03:48:45";"rensch025";4;TRUE;837510027069960192;108
"y'all, i apologize. via /r/BlackPeopleTwitter https://t.co/LlI9RWuIHr https://t.co/bEXOIW0SgR";"2017-03-03 03:47:18";"redditBPT";4;FALSE;837509661301620736;93
"*Stirs orange-juice filled cup of tea* via /r/BlackPeopleTwitter https://t.co/qoUenuU4MA https://t.co/SOyMZ8gnUg";"2017-03-03 03:47:16";"redditBPT";1;FALSE;837509656025137152;112
"Uber stay f*ckin with me https://t.co/kTecgy3evw https://t.co/Z6334h7NhC";"2017-03-03 03:46:18";"MixtapesMemes";0;FALSE;837509411941793792;72
"RT @redditBPT: Get ready for the ass-whooping of a lifetime via /r/BlackPeopleTwitter https://t.co/1AL1wKvH9P https://t.co/xaATw2OK3U";"2017-03-03 03:38:41";"Bvttousai";3;TRUE;837507495081828352;133
"RT @redditBPT: Stay in school y'all via /r/BlackPeopleTwitter https://t.co/smcCL3Qgkq https://t.co/o0qY5CYr2q";"2017-03-03 03:37:11";"Bvttousai";3;TRUE;837507117892280320;109
"Just Putin, don't pull out https://t.co/K20Qo2gGBR https://t.co/Xz0E22wkN6";"2017-03-03 03:21:10";"MixtapesMemes";0;FALSE;837503084792328192;74
"Conservatives irl https://t.co/eeBJsW2ZWP https://t.co/eTtheQpWlQ";"2017-03-03 03:06:47";"ireddit";0;FALSE;837499466420629504;65
"Conservatives irl https://t.co/ngiZvCjllJ #reddit https://t.co/sdLQUn4gyV";"2017-03-03 03:06:41";"ireddit";0;FALSE;837499441900728320;73
"Space XXX https://t.co/1TfBoK0Gz9 https://t.co/uaYpTbahMC";"2017-03-03 03:01:31";"MixtapesMemes";0;FALSE;837498140496388096;57
"*Stirs orange-juice filled cup of tea* via /r/BlackPeopleTwitter https://t.co/dbstGHdaEz https://t.co/ZD6bndr8qE";"2017-03-03 02:57:18";"Peopletweetter";0;FALSE;837497080616738816;112
"*Stirs orange-juice filled cup of tea* #blackpeopletwitter https://t.co/o0yV0AvxcA";"2017-03-03 02:52:12";"niggaztweet";0;FALSE;837495797767888896;82
"Stay in school y'all #blackpeopletwitter https://t.co/ujcN8ZQxjp";"2017-03-03 02:52:10";"niggaztweet";0;FALSE;837495787915476992;64
"At least he's not double parking https://t.co/XO5GTGDNtQ https://t.co/TdZ3qbVAaP";"2017-03-03 02:51:18";"MixtapesMemes";0;FALSE;837495572064002048;80
"Conservatives irl https://t.co/zTIX7SOhfs https://t.co/jc3dz26oW9";"2017-03-03 02:50:26";"thur5day";0;FALSE;837495350445375488;65
"Conservatives irl https://t.co/CeGCgnWAOR https://t.co/28RzKEa0MN";"2017-03-03 02:49:39";"ChrisTidder";0;FALSE;837495155963781120;65
"*Stirs orange-juice filled cup of tea* via /r/BlackPeopleTwitter https://t.co/u8wG38kWJj https://t.co/AqkK9W1Kog";"2017-03-03 02:49:08";"IAmAllenBot";0;FALSE;837495026045308928;112
"Conservatives irl https://t.co/qI9eM6ZKLs";"2017-03-03 02:47:24";"DamiensHeart";0;FALSE;837494587832811520;41
"#memes #dankmemes #funny #Blackpeopletwitter https://t.co/YX5pNSjShB";"2017-03-03 02:45:09";"will_dankspeare";0;FALSE;837494021291376640;68
"#memes #dankmemes #funny #Blackpeopletwitter https://t.co/aiTxTnumEE";"2017-03-03 02:35:08";"will_dankspeare";0;FALSE;837491500506312704;68
"Stay in school y'all via /r/BlackPeopleTwitter https://t.co/47uVPtDTPn https://t.co/xNDffsNhKg";"2017-03-03 02:34:11";"IAmAllenBot";0;FALSE;837491264685813760;94
"and just like a rose, i'll let her go in a week. https://t.co/QlkmAMWBwF https://t.co/cQYHFoJqGE";"2017-03-03 02:31:05";"MixtapesMemes";0;FALSE;837490483161153536;96
"Stay in school y'all via /r/BlackPeopleTwitter https://t.co/Zjtho7QRIB https://t.co/yAf7lAIH1g";"2017-03-03 02:12:04";"Peopletweetter";0;FALSE;837485695769923584;94
"Stay in school y'all via /r/BlackPeopleTwitter https://t.co/smcCL3Qgkq https://t.co/o0qY5CYr2q";"2017-03-03 02:07:24";"redditBPT";3;FALSE;837484523633930240;94
"Stop, drop top and roll https://t.co/6ADIqPeFRy https://t.co/W1qM1MNkjN";"2017-03-03 02:06:21";"MixtapesMemes";0;FALSE;837484256473526272;71
"Omg dude i made it on r/blackpeopletwitter im stoked <ed><U+00A0><U+00BD><ed><U+00B8><U+0081>";"2017-03-03 01:59:10";"Uniqo_Williams";0;FALSE;837482452448858112;93
"#memes #dankmemes #funny #Blackpeopletwitter https://t.co/hLdD3iLqYR";"2017-03-03 01:45:03";"will_dankspeare";0;FALSE;837478897604308992;68
"#memes #dankmemes #funny #Blackpeopletwitter
1 more at https://t.co/SbBp7T9IrW https://t.co/RYiNFK501h";"2017-03-03 01:40:03";"will_dankspeare";0;FALSE;837477637580808192;102
"Selfie Level: Non-Treasonous https://t.co/DYhnocYn5F https://t.co/7oR5tv3XgV";"2017-03-03 01:36:15";"MixtapesMemes";0;FALSE;837476683850604544;76
"Skipped the 40 acres, went straight for the mule https://t.co/u1dXHNtMFZ https://t.co/fAVBDSWpYL";"2017-03-03 01:36:14";"MixtapesMemes";0;FALSE;837476678930690048;96
"Get ready for the ass-whooping of a lifetime via /r/BlackPeopleTwitter https://t.co/BV0E4bHazB https://t.co/VAjXZSZXks";"2017-03-03 00:54:21";"IAmAllenBot";0;FALSE;837466139575926784;118
"Conservatives irl via /r/BlackPeopleTwitter https://t.co/3onDDQq8nv https://t.co/8bAZHLT88c";"2017-03-03 00:54:20";"IAmAllenBot";0;FALSE;837466134488223744;91
"Stay in school y'all https://t.co/vZbBd2XS0Z https://t.co/djY9Jbpfq3";"2017-03-03 00:51:13";"MixtapesMemes";0;FALSE;837465349792616448;68
"He's not lying tho https://t.co/GYEwn7KzCx https://t.co/jVIXYaSur6";"2017-03-03 00:11:24";"MixtapesMemes";0;FALSE;837455331345170432;66
"*Stirs orange-juice filled cup of tea* https://t.co/nWMFsNOFcl https://t.co/biZj7TUotR";"2017-03-03 00:11:23";"MixtapesMemes";0;FALSE;837455325846515712;86
"Bear fruit https://t.co/13BNtl0n8U";"2017-03-02 23:57:07";"DamiensHeart";0;FALSE;837451733982920704;34
"Bear fruit https://t.co/ndy4tqDI58 https://t.co/099KXEEcXi";"2017-03-02 23:53:21";"ireddit";0;FALSE;837450787714297856;58
"Bear fruit https://t.co/NQOf52Lj7d https://t.co/HtwuVNsrdD";"2017-03-02 23:53:18";"wwwepiroid";0;FALSE;837450773155893248;58
"Bear fruit https://t.co/gOin54BzSd #reddit https://t.co/SadY0cwRYC";"2017-03-02 23:53:17";"ireddit";0;FALSE;837450770022723584;66
"Bear fruit https://t.co/kmjbmbXzJl https://t.co/Zlkg6nyLHI";"2017-03-02 23:51:08";"thur5day";0;FALSE;837450230668935168;58
"Excuse me? https://t.co/YwHGOOjB5G https://t.co/i0oVo4rYnt";"2017-03-02 23:46:32";"MixtapesMemes";0;FALSE;837449072067948544;58
"Conservatives irl via /r/BlackPeopleTwitter https://t.co/ucXwUX09Cq https://t.co/ep1Ky4QF87";"2017-03-02 23:42:20";"redditBPT";2;FALSE;837448013207457792;91
"Get ready for the ass-whooping of a lifetime via /r/BlackPeopleTwitter https://t.co/1AL1wKvH9P https://t.co/xaATw2OK3U";"2017-03-02 23:42:18";"redditBPT";3;FALSE;837448007788466176;118
"y'all, i apologize. https://t.co/CQF7CNNaML https://t.co/xwPkSkzKZT";"2017-03-02 23:36:40";"MixtapesMemes";0;FALSE;837446589513871360;67
"Conservatives irl via /r/BlackPeopleTwitter https://t.co/2hMVf15CuT https://t.co/V6Mzuyv7gv";"2017-03-02 23:27:23";"Peopletweetter";0;FALSE;837444250958692352;91
"Conservatives irl #blackpeopletwitter https://t.co/qa1Hf83ZWP";"2017-03-02 23:12:04";"niggaztweet";0;FALSE;837440397936852992;61
"Get ready for the ass-whooping of a lifetime via /r/BlackPeopleTwitter https://t.co/vMkR7KOxr0 https://t.co/m1U7dqY2n8";"2017-03-02 23:02:17";"Peopletweetter";0;FALSE;837437934890541056;118
"Mah dick https://t.co/e1s7hEA5az https://t.co/P83vojwqKn";"2017-03-02 22:56:09";"MixtapesMemes";0;FALSE;837436393643208704;56
"Get ready for the ass-whooping of a lifetime #blackpeopletwitter https://t.co/zqgZTWp0z1";"2017-03-02 22:52:05";"niggaztweet";0;FALSE;837435368131674112;88
"Who's mans is this? https://t.co/5qPmtHS3HC https://t.co/cn28JYRAKe";"2017-03-02 22:46:04";"MixtapesMemes";0;FALSE;837433853446918144;67
"Heart matters. [x-post from /r/BlackPeopleTwitter] https://t.co/xe1YNxtfRS";"2017-03-02 22:42:37";"Humor_Workout";0;FALSE;837432987163705344;74
"Get Outta here with that logic via /r/BlackPeopleTwitter https://t.co/Fd4zGJmxoT https://t.co/RCyv2u23X1";"2017-03-02 22:07:21";"Peopletweetter";0;FALSE;837424110812659712;104
"That's like breaking into someone's crib to steal water https://t.co/FM1Sy11bwN https://t.co/uWTbvYAU6H";"2017-03-02 22:06:26";"MixtapesMemes";0;FALSE;837423882541879296;103
"#memes #dankmemes #funny #Blackpeopletwitter https://t.co/1sGLVJ3OYG";"2017-03-02 21:50:08";"will_dankspeare";0;FALSE;837419778792910848;68
"Get Outta here with that logic via /r/BlackPeopleTwitter https://t.co/ebsOA9c0te https://t.co/cQfuf30p0r";"2017-03-02 21:42:26";"redditBPT";1;FALSE;837417841863323648;104
"Get Outta here with that logic #blackpeopletwitter https://t.co/yu62YLMvjJ";"2017-03-02 21:42:10";"niggaztweet";0;FALSE;837417773059932160;74
"Get Outta here with that logic via /r/BlackPeopleTwitter https://t.co/ZGolxNhgTc https://t.co/OvL4ufjv6X";"2017-03-02 21:39:06";"IAmAllenBot";0;FALSE;837417002302078976;104
"amen amen amen https://t.co/l2baFLzCSf https://t.co/tawhLhpWxP";"2017-03-02 21:31:24";"MixtapesMemes";0;FALSE;837415063451492352;62
"Conservatives irl https://t.co/xoEF3Gid6V https://t.co/Wry1z8zi3f";"2017-03-02 21:26:19";"MixtapesMemes";0;FALSE;837413784037830656;65
"Bear fruit https://t.co/sbKK8igqqg https://t.co/EwHljwgNVB";"2017-03-02 21:16:08";"ChrisTidder";0;FALSE;837411221796073472;58
"RT @redditBPT: The struggle dating crazy via /r/BlackPeopleTwitter https://t.co/lvmz5Ccp5s https://t.co/4GO5869VGp";"2017-03-02 21:13:03";"DashaunJackson8";8;TRUE;837410445380173824;114
"One way to get your name out there via /r/BlackPeopleTwitter https://t.co/1e5S5NhQ4L https://t.co/zlbOYqPP8g";"2017-03-02 21:12:12";"redditBPT";1;FALSE;837410233936916480;108
"Hanging his head like he still own the stock via /r/BlackPeopleTwitter https://t.co/M04gUxF1FY https://t.co/vIvoDiNJgy";"2017-03-02 21:12:11";"redditBPT";0;FALSE;837410226970193920;118
"One way to get your name out there #blackpeopletwitter https://t.co/v8fg9Opr0o";"2017-03-02 21:07:13";"niggaztweet";0;FALSE;837408976996352000;78
"#memes #dankmemes #funny #Blackpeopletwitter https://t.co/wI1oiJqJCW";"2017-03-02 21:05:08";"will_dankspeare";0;FALSE;837408456281849856;68
"Test comes up https://t.co/dg8cPmpoxU https://t.co/emAJ5WOy7C";"2017-03-02 21:01:32";"MixtapesMemes";0;FALSE;837407550148591616;61
"#memes #dankmemes #funny #Blackpeopletwitter https://t.co/s8TurpQEYq";"2017-03-02 20:55:03";"will_dankspeare";0;FALSE;837405917897453568;68
"One way to get your name out there via /r/BlackPeopleTwitter https://t.co/ICA4vgWOUw https://t.co/yI4a2CNBkr";"2017-03-02 20:52:04";"Peopletweetter";0;FALSE;837405165149949952;108
"One way to get your name out there via /r/BlackPeopleTwitter https://t.co/p2H0xVNFZ9 https://t.co/kd6rt6HVLg";"2017-03-02 20:49:17";"IAmAllenBot";0;FALSE;837404463610613760;108
"#memes #dankmemes #funny #Blackpeopletwitter https://t.co/gUahfHFnyV";"2017-03-02 20:45:05";"will_dankspeare";0;FALSE;8.3740340699e+17;68
"Stay Woke Brothers https://t.co/LsEoNOPbSH https://t.co/idqSbDxCTm";"2017-03-02 20:41:46";"MixtapesMemes";0;FALSE;837402575959810048;66
"They call me king via /r/BlackPeopleTwitter https://t.co/B4TmZLQYd7 https://t.co/6TM3VpH2Sb";"2017-03-02 20:39:12";"IAmAllenBot";0;FALSE;837401928841719808;91
"Hanging his head like he still own the stock via /r/BlackPeopleTwitter https://t.co/zLL1nY3B5s https://t.co/uednmlDHcn";"2017-03-02 20:39:10";"IAmAllenBot";0;FALSE;837401921753341952;118
"They call me king #blackpeopletwitter https://t.co/XQEpm5af91";"2017-03-02 20:37:11";"niggaztweet";0;FALSE;837401419753881600;61
"Trump got the world upside down https://t.co/mbm0HEGbpG https://t.co/N97FozzJmb";"2017-03-02 20:26:13";"MixtapesMemes";0;FALSE;837398659406966784;79
"They call me king via /r/BlackPeopleTwitter https://t.co/ZzDllvvmyh https://t.co/akTZQRnQdu";"2017-03-02 20:22:19";"Peopletweetter";0;FALSE;837397680859013120;91
"Hanging his head like he still own the stock via /r/BlackPeopleTwitter https://t.co/ZsHTkTRoOU https://t.co/DCaFILAZVa";"2017-03-02 20:22:17";"Peopletweetter";0;FALSE;837397672180989952;118
"#memes #dankmemes #funny #Blackpeopletwitter https://t.co/J0xYDketfi";"2017-03-02 20:20:05";"will_dankspeare";0;FALSE;837397119128514560;68
"Obama still killing it https://t.co/l6U06zG1Hp https://t.co/4IqLT5ghla";"2017-03-02 20:18:59";"MixtapesMemes";0;FALSE;837396838462390272;70
"Hanging his head like he still own the stock #blackpeopletwitter https://t.co/XWGrMFfgx9";"2017-03-02 20:07:35";"niggaztweet";0;FALSE;837393971617927168;88
"RT @redditBPT: Be like him. via /r/BlackPeopleTwitter https://t.co/LVLmuNK1kM https://t.co/1Z3hRQS28m";"2017-03-02 20:05:06";"catsketeer2";5;TRUE;837393345152430080;101
"Get ready for the ass-whooping of a lifetime https://t.co/RACmQOYUJ8 https://t.co/cn9WHI3Vb2";"2017-03-02 20:01:34";"MixtapesMemes";0;FALSE;837392459386740736;92
"#memes #dankmemes #funny #Blackpeopletwitter https://t.co/g9k7t0PGsW";"2017-03-02 19:45:04";"will_dankspeare";0;FALSE;837388305117429760;68
"Water #blackpeopletwitter https://t.co/7KWXSXFgTe";"2017-03-02 19:37:29";"niggaztweet";0;FALSE;837386398256803840;49
"Real Depression Hours https://t.co/3wTRSylsXN https://t.co/vgMmtLHj5T";"2017-03-02 19:36:04";"ChrisTidder";0;FALSE;837386038221819904;69
"#memes #dankmemes #funny #Blackpeopletwitter https://t.co/b5sfmzExbX";"2017-03-02 19:20:04";"will_dankspeare";0;FALSE;837382014038835200;68
"Water via /r/BlackPeopleTwitter https://t.co/HN9k4P6oWn https://t.co/neoaSawKjU";"2017-03-02 19:12:32";"Peopletweetter";0;FALSE;837380117819191296;79
