"text";"favorited";"favoriteCount";"replyToSN";"created";"truncated";"replyToSID";"id";"replyToUID";"statusSource";"screenName";"retweetCount";"isRetweet";"retweeted";"longitude";"latitude";"even_odd"
"No need to bleach those via /r/BlackPeopleTwitter https://t.co/6brjJM0mfL https://t.co/OcDRIjZOqm";FALSE;0;NA;2017-03-04 15:34:38;FALSE;NA;"838050058717257728";NA;"<a href=\"https://ifttt.com\" rel=\"nofollow\">IFTTT</a>";"IAmAllenBot";0;FALSE;FALSE;NA;NA;TRUE
"No need to bleach those via /r/BlackPeopleTwitter https://t.co/PcapK08dxB https://t.co/s9SfKK01zO";FALSE;0;NA;2017-03-04 15:27:13;FALSE;NA;"838048191249592320";NA;"<a href=\"https://ifttt.com\" rel=\"nofollow\">IFTTT</a>";"Peopletweetter";0;FALSE;FALSE;NA;NA;TRUE
"RT @redditBPT: The struggle is real via /r/BlackPeopleTwitter https://t.co/fjXanLqT5i https://t.co/WgKiprhf0L";FALSE;0;NA;2017-03-04 15:19:26;FALSE;NA;"838046232564101120";NA;"<a href=\"http://twitter.com/download/android\" rel=\"nofollow\">Twitter for Android</a>";"diegocerda97";3;TRUE;FALSE;NA;NA;TRUE
"Well, can I speak to YOUR manager? https://t.co/nNR1tHu8uH https://t.co/3f8roiah1E";FALSE;0;NA;2017-03-04 15:16:23;FALSE;NA;"838045465337872384";NA;"<a href=\"https://ifttt.com\" rel=\"nofollow\">IFTTT</a>";"MixtapesMemes";0;FALSE;FALSE;NA;NA;TRUE
"#memes #dankmemes #funny #Blackpeopletwitter https://t.co/JynavMwY7t";FALSE;0;NA;2017-03-04 15:15:05;FALSE;NA;"838045135283884032";NA;"<a href=\"http://dank.city\" rel=\"nofollow\">ChirpMemes</a>";"will_dankspeare";0;FALSE;FALSE;NA;NA;TRUE
"I Really Should Have A Tweeter Account https://t.co/8JprAj9VTB #reddit https://t.co/lupNoz7qC0";FALSE;1;NA;2017-03-04 14:58:41;FALSE;NA;"838041012035518464";NA;"<a href=\"https://dlvrit.com/\" rel=\"nofollow\">dlvr.it</a>";"ireddit";0;FALSE;FALSE;NA;NA;TRUE
"Born deaf via /r/BlackPeopleTwitter https://t.co/uCmjUmmVry https://t.co/7RNmUuPyve";FALSE;0;NA;2017-03-04 14:52:30;FALSE;NA;"838039455223136256";NA;"<a href=\"https://ifttt.com\" rel=\"nofollow\">IFTTT</a>";"Peopletweetter";0;FALSE;FALSE;NA;NA;TRUE
"Born deaf via /r/BlackPeopleTwitter https://t.co/90D9zXmoi8 https://t.co/gZJImzwem8";FALSE;1;NA;2017-03-04 14:52:29;FALSE;NA;"838039449644716032";NA;"<a href=\"https://ifttt.com\" rel=\"nofollow\">IFTTT</a>";"redditBPT";0;FALSE;FALSE;NA;NA;TRUE
"She don't wanna be saved https://t.co/ZXT2j9J08S https://t.co/1KrVzFvn8J";FALSE;0;NA;2017-03-04 14:46:28;FALSE;NA;"838037935148650496";NA;"<a href=\"https://ifttt.com\" rel=\"nofollow\">IFTTT</a>";"MixtapesMemes";0;FALSE;FALSE;NA;NA;TRUE
"I Really Should Have A Tweeter Account https://t.co/FhAurASnol https://t.co/Th7Uw5i11F";FALSE;0;NA;2017-03-04 14:40:19;FALSE;NA;"838036389975449602";NA;"<a href=\"https://ifttt.com\" rel=\"nofollow\">IFTTT</a>";"thur5day";0;FALSE;FALSE;NA;NA;TRUE
"I Really Should Have A Tweeter Account via /r/BlackPeopleTwitter https://t.co/2OQDkNgyEI https://t.co/Opo8dJnN26";FALSE;0;NA;2017-03-04 14:19:10;FALSE;NA;"838031065075879936";NA;"<a href=\"https://ifttt.com\" rel=\"nofollow\">IFTTT</a>";"IAmAllenBot";0;FALSE;FALSE;NA;NA;TRUE
"We don't know which Jim to Crow... https://t.co/Dt9XpfB8To https://t.co/3mfvlaciBJ";FALSE;0;NA;2017-03-04 14:06:54;FALSE;NA;"838027977547984896";NA;"<a href=\"https://ifttt.com\" rel=\"nofollow\">IFTTT</a>";"MixtapesMemes";0;FALSE;FALSE;NA;NA;TRUE
"I Really Should Have A Tweeter Account via /r/BlackPeopleTwitter https://t.co/tGvSNuaPJr https://t.co/mFRQYtdFPy";FALSE;0;NA;2017-03-04 14:03:12;FALSE;NA;"838027045338812416";NA;"<a href=\"https://ifttt.com\" rel=\"nofollow\">IFTTT</a>";"Peopletweetter";0;FALSE;FALSE;NA;NA;TRUE
"RT @redditBPT: The struggle is real via /r/BlackPeopleTwitter https://t.co/fjXanLqT5i https://t.co/WgKiprhf0L";FALSE;0;NA;2017-03-04 14:02:35;FALSE;NA;"838026892271837184";NA;"<a href=\"http://twitter.com/download/iphone\" rel=\"nofollow\">Twitter for iPhone</a>";"DM_Josh";3;TRUE;FALSE;NA;NA;TRUE
"@jackgraymcr https://t.co/XptH61G6ug is pretty hilarious tbf";FALSE;1;"jackgraymcr";2017-03-04 13:53:29;FALSE;"838021919454736385";"838024600118231040";"445136808";"<a href=\"http://twitter.com/download/android\" rel=\"nofollow\">Twitter for Android</a>";"Gaz_Col";0;FALSE;FALSE;NA;NA;TRUE
"I Really Should Have A Tweeter Account #blackpeopletwitter https://t.co/uNUePfDuTq";FALSE;0;NA;2017-03-04 13:47:23;FALSE;NA;"838023066278047744";NA;"<a href=\"https://ifttt.com\" rel=\"nofollow\">IFTTT</a>";"niggaztweet";0;FALSE;FALSE;NA;NA;TRUE
"its complicated https://t.co/5lkZqryPhs https://t.co/b2cy5UgqhB";FALSE;0;NA;2017-03-04 13:36:39;FALSE;NA;"838020365536354308";NA;"<a href=\"https://ifttt.com\" rel=\"nofollow\">IFTTT</a>";"MixtapesMemes";0;FALSE;FALSE;NA;NA;TRUE
"The struggle is real via /r/BlackPeopleTwitter https://t.co/fjXanLqT5i https://t.co/WgKiprhf0L";FALSE;6;NA;2017-03-04 13:27:10;FALSE;NA;"838017979694579712";NA;"<a href=\"https://ifttt.com\" rel=\"nofollow\">IFTTT</a>";"redditBPT";3;FALSE;FALSE;NA;NA;TRUE
"#memes #dankmemes #funny #Blackpeopletwitter https://t.co/7cmRIu7pLo";FALSE;0;NA;2017-03-04 13:25:08;FALSE;NA;"838017467901411328";NA;"<a href=\"http://dank.city\" rel=\"nofollow\">ChirpMemes</a>";"will_dankspeare";0;FALSE;FALSE;NA;NA;TRUE
"The struggle is real via /r/BlackPeopleTwitter https://t.co/ARalFmAVqC https://t.co/YP7ZoEehTD";FALSE;0;NA;2017-03-04 13:22:25;FALSE;NA;"838016782367604736";NA;"<a href=\"https://ifttt.com\" rel=\"nofollow\">IFTTT</a>";"Peopletweetter";0;FALSE;FALSE;NA;NA;TRUE
"The struggle is real via /r/BlackPeopleTwitter https://t.co/LAXW1vgfxe https://t.co/TecpkXHTIT";FALSE;0;NA;2017-03-04 13:19:24;FALSE;NA;"838016022745604096";NA;"<a href=\"https://ifttt.com\" rel=\"nofollow\">IFTTT</a>";"IAmAllenBot";0;FALSE;FALSE;NA;NA;TRUE
"#memes #dankmemes #funny #Blackpeopletwitter https://t.co/JOuCgZHybn";FALSE;0;NA;2017-03-04 13:15:19;FALSE;NA;"838014994998525952";NA;"<a href=\"http://dank.city\" rel=\"nofollow\">ChirpMemes</a>";"will_dankspeare";0;FALSE;FALSE;NA;NA;TRUE
"Born deaf via /r/BlackPeopleTwitter https://t.co/mWm0aBXXmR https://t.co/n8Z4hnJRMc";FALSE;0;NA;2017-03-04 13:14:11;FALSE;NA;"838014711543246848";NA;"<a href=\"https://ifttt.com\" rel=\"nofollow\">IFTTT</a>";"IAmAllenBot";0;FALSE;FALSE;NA;NA;TRUE
"Shiiiii. via /r/BlackPeopleTwitter https://t.co/PDys39UlCo https://t.co/TnelMz0XXi";FALSE;0;NA;2017-03-04 13:14:10;FALSE;NA;"838014706342318080";NA;"<a href=\"https://ifttt.com\" rel=\"nofollow\">IFTTT</a>";"IAmAllenBot";0;FALSE;FALSE;NA;NA;TRUE
"The Accuracy is What's so Funny tbh. via /r/BlackPeopleTwitter https://t.co/fM56jzlRsv https://t.co/SpXB5kCnsD";FALSE;0;NA;2017-03-04 13:14:08;FALSE;NA;"838014700650708992";NA;"<a href=\"https://ifttt.com\" rel=\"nofollow\">IFTTT</a>";"IAmAllenBot";0;FALSE;FALSE;NA;NA;TRUE
"Born deaf #blackpeopletwitter https://t.co/Jlappf53dB";FALSE;0;NA;2017-03-04 13:02:32;FALSE;NA;"838011779787685888";NA;"<a href=\"https://ifttt.com\" rel=\"nofollow\">IFTTT</a>";"niggaztweet";0;FALSE;FALSE;NA;NA;TRUE
"Shiiiii. #blackpeopletwitter https://t.co/prplj9QIKC";FALSE;0;NA;2017-03-04 13:02:31;FALSE;NA;"838011774246993922";NA;"<a href=\"https://ifttt.com\" rel=\"nofollow\">IFTTT</a>";"niggaztweet";0;FALSE;FALSE;NA;NA;TRUE
"The Accuracy is What's so Funny tbh. #blackpeopletwitter https://t.co/ePS70CsRTQ";FALSE;0;NA;2017-03-04 13:02:30;FALSE;NA;"838011770090446848";NA;"<a href=\"https://ifttt.com\" rel=\"nofollow\">IFTTT</a>";"niggaztweet";0;FALSE;FALSE;NA;NA;TRUE
"#memes #dankmemes #funny #Blackpeopletwitter https://t.co/8pqz65EzOG";FALSE;1;NA;2017-03-04 12:55:09;FALSE;NA;"838009921379631104";NA;"<a href=\"http://dank.city\" rel=\"nofollow\">ChirpMemes</a>";"will_dankspeare";0;FALSE;FALSE;NA;NA;TRUE
"RT @redditBPT: with a gang of bitches <ed><U+00A0><U+00BC><ed><U+00BE><U+00B6> via /r/BlackPeopleTwitter https://t.co/Qyis0zLeRg https://t.co/cz8Yyuy0lV";FALSE;0;NA;2017-03-04 12:39:27;FALSE;NA;"838005971771346944";NA;"<a href=\"http://twitter.com/download/iphone\" rel=\"nofollow\">Twitter for iPhone</a>";"GabbyCrews";2;TRUE;FALSE;NA;NA;TRUE
"RT @redditBPT: with a gang of bitches <ed><U+00A0><U+00BC><ed><U+00BE><U+00B6> via /r/BlackPeopleTwitter https://t.co/Qyis0zLeRg https://t.co/cz8Yyuy0lV";FALSE;0;NA;2017-03-04 12:38:54;FALSE;NA;"838005830796603392";NA;"<a href=\"http://twitter.com/download/iphone\" rel=\"nofollow\">Twitter for iPhone</a>";"JKirbs";2;TRUE;FALSE;NA;NA;TRUE
"#memes #dankmemes #funny #Blackpeopletwitter https://t.co/Icu27qy0UU";FALSE;0;NA;2017-03-04 12:25:12;FALSE;NA;"838002385490444288";NA;"<a href=\"http://dank.city\" rel=\"nofollow\">ChirpMemes</a>";"will_dankspeare";0;FALSE;FALSE;NA;NA;TRUE
"#memes #dankmemes #funny #Blackpeopletwitter https://t.co/JG6Vw56Kzm";FALSE;0;NA;2017-03-04 12:15:07;FALSE;NA;"837999848611794944";NA;"<a href=\"http://dank.city\" rel=\"nofollow\">ChirpMemes</a>";"will_dankspeare";0;FALSE;FALSE;NA;NA;TRUE
"#memes #dankmemes #funny #Blackpeopletwitter https://t.co/MexT6cCiIe";FALSE;0;NA;2017-03-04 12:10:20;FALSE;NA;"837998644427096064";NA;"<a href=\"http://dank.city\" rel=\"nofollow\">ChirpMemes</a>";"will_dankspeare";0;FALSE;FALSE;NA;NA;TRUE
"Shiiiii. via /r/BlackPeopleTwitter https://t.co/5yoFOvkeRb https://t.co/ekkEMibjn3";FALSE;0;NA;2017-03-04 11:57:18;FALSE;NA;"837995362422046720";NA;"<a href=\"https://ifttt.com\" rel=\"nofollow\">IFTTT</a>";"Peopletweetter";0;FALSE;FALSE;NA;NA;TRUE
"The best picture. https://t.co/m0gh3q6SQg https://t.co/Ps8JMQhCXS";FALSE;0;NA;2017-03-04 11:41:31;FALSE;NA;"837991390395183104";NA;"<a href=\"https://ifttt.com\" rel=\"nofollow\">IFTTT</a>";"MixtapesMemes";0;FALSE;FALSE;NA;NA;TRUE
"Daily woke message from \"Get Out\" https://t.co/hoJnBO6KFa https://t.co/Dr57xWoB6d";FALSE;0;NA;2017-03-04 11:21:04;FALSE;NA;"837986246345490432";NA;"<a href=\"https://ifttt.com\" rel=\"nofollow\">IFTTT</a>";"MixtapesMemes";0;FALSE;FALSE;NA;NA;TRUE
"Get a load of the grapefruit sized balls on this cheeky fucker x-post r/Blackpeopletwitter https://t.co/Q8BQseXtjx";FALSE;0;NA;2017-03-04 11:09:15;FALSE;NA;"837983271057240064";NA;"<a href=\"https://ifttt.com\" rel=\"nofollow\">IFTTT</a>";"redditfeedz";0;FALSE;FALSE;NA;NA;TRUE
"Still not gonna stop us from actin a fool via /r/BlackPeopleTwitter https://t.co/FdZN5vIsHd https://t.co/A1ZAMjnTCu";FALSE;0;NA;2017-03-04 10:57:11;FALSE;NA;"837980235073204224";NA;"<a href=\"https://ifttt.com\" rel=\"nofollow\">IFTTT</a>";"Peopletweetter";0;FALSE;FALSE;NA;NA;TRUE
"Their water is to die for https://t.co/H604OXcPqC https://t.co/15aT1fFs01";FALSE;0;NA;2017-03-04 10:41:16;FALSE;NA;"837976227461873664";NA;"<a href=\"https://ifttt.com\" rel=\"nofollow\">IFTTT</a>";"MixtapesMemes";0;FALSE;FALSE;NA;NA;TRUE
"Still not gonna stop us from actin a fool #blackpeopletwitter https://t.co/q0HpHZ3HAm";FALSE;0;NA;2017-03-04 10:37:08;FALSE;NA;"837975190571270144";NA;"<a href=\"https://ifttt.com\" rel=\"nofollow\">IFTTT</a>";"niggaztweet";0;FALSE;FALSE;NA;NA;TRUE
"#memes #dankmemes #funny #Blackpeopletwitter https://t.co/LVdbgwl7vQ";FALSE;0;NA;2017-03-04 09:25:03;FALSE;NA;"837957050508394496";NA;"<a href=\"http://dank.city\" rel=\"nofollow\">ChirpMemes</a>";"will_dankspeare";0;FALSE;FALSE;NA;NA;TRUE
"Relentless #blackpeopletwitter https://t.co/ofpAGbAMjD";FALSE;0;NA;2017-03-04 08:57:07;FALSE;NA;"837950017977606144";NA;"<a href=\"https://ifttt.com\" rel=\"nofollow\">IFTTT</a>";"niggaztweet";0;FALSE;FALSE;NA;NA;TRUE
"with a gang of bitches <ed><U+00A0><U+00BC><ed><U+00BE><U+00B6> via /r/BlackPeopleTwitter https://t.co/Qyis0zLeRg https://t.co/cz8Yyuy0lV";FALSE;4;NA;2017-03-04 08:47:19;FALSE;NA;"837947551135432704";NA;"<a href=\"https://ifttt.com\" rel=\"nofollow\">IFTTT</a>";"redditBPT";2;FALSE;FALSE;NA;NA;TRUE
"#memes #dankmemes #funny #Blackpeopletwitter https://t.co/wSgzpGmxBR";FALSE;0;NA;2017-03-04 08:45:14;FALSE;NA;"837947026499317760";NA;"<a href=\"http://dank.city\" rel=\"nofollow\">ChirpMemes</a>";"will_dankspeare";0;FALSE;FALSE;NA;NA;TRUE
"Still not gonna stop us from actin a fool via /r/BlackPeopleTwitter https://t.co/n79TyiBqOm https://t.co/81kSufyi66";FALSE;0;NA;2017-03-04 08:37:23;FALSE;NA;"837945053452648448";NA;"<a href=\"https://ifttt.com\" rel=\"nofollow\">IFTTT</a>";"redditBPT";0;FALSE;FALSE;NA;NA;TRUE
"The struggle is real https://t.co/1sMqdSbliy https://t.co/mz5nLXcuei";FALSE;0;NA;2017-03-04 08:01:23;FALSE;NA;"837935991532969984";NA;"<a href=\"https://ifttt.com\" rel=\"nofollow\">IFTTT</a>";"MixtapesMemes";0;FALSE;FALSE;NA;NA;TRUE
"#memes #dankmemes #funny #Blackpeopletwitter https://t.co/7atDyu3H8Z";FALSE;0;NA;2017-03-04 07:55:14;FALSE;NA;"837934445579624450";NA;"<a href=\"http://dank.city\" rel=\"nofollow\">ChirpMemes</a>";"will_dankspeare";0;FALSE;FALSE;NA;NA;TRUE
"Relentless via /r/BlackPeopleTwitter https://t.co/yQwgWeFgr1 https://t.co/rUSfma5oQp";FALSE;0;NA;2017-03-04 07:14:21;FALSE;NA;"837924158315065344";NA;"<a href=\"https://ifttt.com\" rel=\"nofollow\">IFTTT</a>";"IAmAllenBot";0;FALSE;FALSE;NA;NA;TRUE
"RT @redditBPT: Too late boo via /r/BlackPeopleTwitter https://t.co/88o8TKqELw https://t.co/WTcbG6bR0o";FALSE;0;NA;2017-03-04 07:08:34;FALSE;NA;"837922701792722944";NA;"<a href=\"http://twitter.com/download/iphone\" rel=\"nofollow\">Twitter for iPhone</a>";"DirtyGarbage";3;TRUE;FALSE;NA;NA;TRUE
"Too late boo via /r/BlackPeopleTwitter https://t.co/CEo5E4VLTe https://t.co/RBhCbit4o9";FALSE;0;NA;2017-03-04 06:52:28;FALSE;NA;"837918651105882112";NA;"<a href=\"https://ifttt.com\" rel=\"nofollow\">IFTTT</a>";"Peopletweetter";0;FALSE;FALSE;NA;NA;TRUE
"#memes #dankmemes #funny #Blackpeopletwitter https://t.co/gZT6COVmzw";FALSE;0;NA;2017-03-04 06:50:12;FALSE;NA;"837918078172286978";NA;"<a href=\"http://dank.city\" rel=\"nofollow\">ChirpMemes</a>";"will_dankspeare";0;FALSE;FALSE;NA;NA;TRUE
"RT @redditBPT: Pizza is cancelled via /r/BlackPeopleTwitter https://t.co/yk0aCoI50J https://t.co/fi33fWAIpP";FALSE;0;NA;2017-03-04 06:35:34;FALSE;NA;"837914397628641282";NA;"<a href=\"http://twitter.com/download/iphone\" rel=\"nofollow\">Twitter for iPhone</a>";"zackmilchman";26;TRUE;FALSE;NA;NA;TRUE
"RT @redditBPT: Too late boo via /r/BlackPeopleTwitter https://t.co/88o8TKqELw https://t.co/WTcbG6bR0o";FALSE;0;NA;2017-03-04 06:34:31;FALSE;NA;"837914132074528768";NA;"<a href=\"http://tapbots.com/tweetbot\" rel=\"nofollow\">Tweetbot for i<U+039F>S</a>";"Bvttousai";3;TRUE;FALSE;NA;NA;TRUE
"Too late boo via /r/BlackPeopleTwitter https://t.co/d5pw6eayat https://t.co/NdoOrArCN4";FALSE;0;NA;2017-03-04 06:04:21;FALSE;NA;"837906541713948672";NA;"<a href=\"https://ifttt.com\" rel=\"nofollow\">IFTTT</a>";"IAmAllenBot";0;FALSE;FALSE;NA;NA;TRUE
"#memes #dankmemes #funny #Blackpeopletwitter https://t.co/CjnQPil7x8";FALSE;0;NA;2017-03-04 06:00:32;FALSE;NA;"837905578143924224";NA;"<a href=\"http://dank.city\" rel=\"nofollow\">ChirpMemes</a>";"will_dankspeare";0;FALSE;FALSE;NA;NA;TRUE
"D's get degrees https://t.co/555cufARkg";FALSE;0;NA;2017-03-04 05:58:17;FALSE;NA;"837905012625899520";NA;"<a href=\"https://ifttt.com\" rel=\"nofollow\">IFTTT</a>";"DamiensHeart";0;FALSE;FALSE;NA;NA;TRUE
"D's get degrees https://t.co/pHmDxscnNA https://t.co/MbSt45e5mH";FALSE;0;NA;2017-03-04 05:58:07;FALSE;NA;"837904973539094530";NA;"<a href=\"https://dlvrit.com/\" rel=\"nofollow\">dlvr.it</a>";"ChrisTidder";0;FALSE;FALSE;NA;NA;TRUE
"D's get degrees https://t.co/1hqvWbubnu https://t.co/XIU1QVVmLZ";FALSE;0;NA;2017-03-04 05:55:19;FALSE;NA;"837904265603661824";NA;"<a href=\"https://ifttt.com\" rel=\"nofollow\">IFTTT</a>";"thur5day";0;FALSE;FALSE;NA;NA;TRUE
"with a gang of bitches <ed><U+00A0><U+00BC><ed><U+00BE><U+00B6> https://t.co/3loFUEi5jF https://t.co/A0UnGBDjpn";FALSE;0;NA;2017-03-04 05:51:06;FALSE;NA;"837903207561064448";NA;"<a href=\"https://ifttt.com\" rel=\"nofollow\">IFTTT</a>";"MixtapesMemes";0;FALSE;FALSE;NA;NA;TRUE
"#memes #dankmemes #funny #Blackpeopletwitter https://t.co/Q20Qqcbxc8";FALSE;0;NA;2017-03-04 05:50:04;FALSE;NA;"837902944607547392";NA;"<a href=\"http://dank.city\" rel=\"nofollow\">ChirpMemes</a>";"will_dankspeare";0;FALSE;FALSE;NA;NA;TRUE
"WWJD? via /r/BlackPeopleTwitter https://t.co/clHeOF0a84 https://t.co/GiltfsWiSB";FALSE;0;NA;2017-03-04 05:34:12;FALSE;NA;"837898951755976704";NA;"<a href=\"https://ifttt.com\" rel=\"nofollow\">IFTTT</a>";"IAmAllenBot";0;FALSE;FALSE;NA;NA;TRUE
"quack quack boi #blackpeopletwitter https://t.co/9mzvmWl0bi";FALSE;0;NA;2017-03-04 05:32:29;FALSE;NA;"837898522691252224";NA;"<a href=\"https://ifttt.com\" rel=\"nofollow\">IFTTT</a>";"niggaztweet";0;FALSE;FALSE;NA;NA;TRUE
"Still not gonna stop us from actin a fool https://t.co/Cr6R3FVvm0 https://t.co/AzXxzY4UXb";FALSE;0;NA;2017-03-04 05:31:26;FALSE;NA;"837898255807746048";NA;"<a href=\"https://ifttt.com\" rel=\"nofollow\">IFTTT</a>";"MixtapesMemes";0;FALSE;FALSE;NA;NA;TRUE
"#dankmemes #meme #memes #blackpeopletwitter #dankmeme #GetOut https://t.co/4z9AdMbelR";FALSE;0;NA;2017-03-04 05:18:05;FALSE;NA;"837894895289438208";NA;"<a href=\"http://instagram.com\" rel=\"nofollow\">Instagram</a>";"Manof_theFuture";0;FALSE;FALSE;NA;NA;TRUE
"RT @redditBPT: D's get degrees via /r/BlackPeopleTwitter https://t.co/5TZsLSqBnG https://t.co/3e18hObcIn";FALSE;0;NA;2017-03-04 05:17:50;FALSE;NA;"837894832928538624";NA;"<a href=\"http://twitter.com/download/iphone\" rel=\"nofollow\">Twitter for iPhone</a>";"itsGhostreckz";5;TRUE;FALSE;NA;NA;TRUE
"RT @redditBPT: WWJD? via /r/BlackPeopleTwitter https://t.co/g8WU9DsS7J https://t.co/0QLizgNxO7";FALSE;0;NA;2017-03-04 05:12:42;FALSE;NA;"837893541745471490";NA;"<a href=\"http://twitter.com/download/iphone\" rel=\"nofollow\">Twitter for iPhone</a>";"wobblywobblywob";2;TRUE;FALSE;NA;NA;TRUE
"RT @redditBPT: WWJD? via /r/BlackPeopleTwitter https://t.co/g8WU9DsS7J https://t.co/0QLizgNxO7";FALSE;0;NA;2017-03-04 05:09:22;FALSE;NA;"837892703153242112";NA;"<a href=\"http://twitter.com/download/android\" rel=\"nofollow\">Twitter for Android</a>";"realdaveshelton";2;TRUE;FALSE;NA;NA;TRUE
"quack quack boi via /r/BlackPeopleTwitter https://t.co/FWdbFhpvRX https://t.co/cWnLOOuJMx";FALSE;1;NA;2017-03-04 05:07:22;FALSE;NA;"837892200277102592";NA;"<a href=\"https://ifttt.com\" rel=\"nofollow\">IFTTT</a>";"redditBPT";0;FALSE;FALSE;NA;NA;TRUE
"WWJD? via /r/BlackPeopleTwitter https://t.co/g8WU9DsS7J https://t.co/0QLizgNxO7";FALSE;1;NA;2017-03-04 05:07:20;FALSE;NA;"837892191792021504";NA;"<a href=\"https://ifttt.com\" rel=\"nofollow\">IFTTT</a>";"redditBPT";2;FALSE;FALSE;NA;NA;TRUE
"WWJD? #blackpeopletwitter https://t.co/3Sul7xouAN";FALSE;0;NA;2017-03-04 04:57:12;FALSE;NA;"837889640963190784";NA;"<a href=\"https://ifttt.com\" rel=\"nofollow\">IFTTT</a>";"niggaztweet";0;FALSE;FALSE;NA;NA;TRUE
"RT @redditBPT: D's get degrees via /r/BlackPeopleTwitter https://t.co/5TZsLSqBnG https://t.co/3e18hObcIn";FALSE;0;NA;2017-03-04 04:51:29;FALSE;NA;"837888204313264128";NA;"<a href=\"http://tapbots.com/tweetbot\" rel=\"nofollow\">Tweetbot for i<U+039F>S</a>";"Bvttousai";5;TRUE;FALSE;NA;NA;TRUE
"Congratulations, I played myself via /r/BlackPeopleTwitter https://t.co/rrraUlO2Tm https://t.co/prYTdms0TK";FALSE;0;NA;2017-03-04 04:27:32;FALSE;NA;"837882176419086336";NA;"<a href=\"https://ifttt.com\" rel=\"nofollow\">IFTTT</a>";"Peopletweetter";0;FALSE;FALSE;NA;NA;TRUE
"#memes #dankmemes #funny #Blackpeopletwitter https://t.co/cvk5H2M2iq";FALSE;0;NA;2017-03-04 04:25:09;FALSE;NA;"837881574918144000";NA;"<a href=\"http://dank.city\" rel=\"nofollow\">ChirpMemes</a>";"will_dankspeare";0;FALSE;FALSE;NA;NA;TRUE
"\"Woooooow, that's crazy.\" https://t.co/Nz56UrPM0E https://t.co/eGcKHTglGC";FALSE;0;NA;2017-03-04 04:20:10;FALSE;NA;"837880323509641216";NA;"<a href=\"https://dlvrit.com/\" rel=\"nofollow\">dlvr.it</a>";"ChrisTidder";0;FALSE;FALSE;NA;NA;TRUE
"Congratulations, I played myself #blackpeopletwitter https://t.co/NLWG4gD1tz";FALSE;0;NA;2017-03-04 04:17:10;FALSE;NA;"837879567209607168";NA;"<a href=\"https://ifttt.com\" rel=\"nofollow\">IFTTT</a>";"niggaztweet";0;FALSE;FALSE;NA;NA;TRUE
"D's get degrees #blackpeopletwitter https://t.co/lqT7UzzDjm";FALSE;0;NA;2017-03-04 04:17:08;FALSE;NA;"837879558531592192";NA;"<a href=\"https://ifttt.com\" rel=\"nofollow\">IFTTT</a>";"niggaztweet";0;FALSE;FALSE;NA;NA;TRUE
"RT @redditBPT: Congratulations, I played myself via /r/BlackPeopleTwitter https://t.co/pdE0xPlSj8 https://t.co/ziFpVpYWu8";FALSE;0;NA;2017-03-04 04:11:57;FALSE;NA;"837878254690152448";NA;"<a href=\"http://twitter.com/download/iphone\" rel=\"nofollow\">Twitter for iPhone</a>";"dgkaprielian";2;TRUE;FALSE;NA;NA;TRUE
"RT @redditBPT: D's get degrees via /r/BlackPeopleTwitter https://t.co/5TZsLSqBnG https://t.co/3e18hObcIn";FALSE;0;NA;2017-03-04 04:11:31;FALSE;NA;"837878145877422080";NA;"<a href=\"http://twitter.com/download/android\" rel=\"nofollow\">Twitter for Android</a>";"PapiChuloCorona";5;TRUE;FALSE;NA;NA;TRUE
"Ballin' Bigger Than Gohan https://t.co/q4K8F0sYT9 https://t.co/nozvswsmc3";FALSE;0;NA;2017-03-04 04:11:16;FALSE;NA;"837878083650736128";NA;"<a href=\"https://ifttt.com\" rel=\"nofollow\">IFTTT</a>";"MixtapesMemes";0;FALSE;FALSE;NA;NA;TRUE
"just dont send nudes to fuccbois youll be good https://t.co/Cz5EeS22MX https://t.co/gXDRfSfRkl";FALSE;0;NA;2017-03-04 04:11:15;FALSE;NA;"837878078231674880";NA;"<a href=\"https://ifttt.com\" rel=\"nofollow\">IFTTT</a>";"MixtapesMemes";0;FALSE;FALSE;NA;NA;TRUE
"RT @redditBPT: Pizza is cancelled via /r/BlackPeopleTwitter https://t.co/yk0aCoI50J https://t.co/fi33fWAIpP";FALSE;0;NA;2017-03-04 04:10:19;FALSE;NA;"837877841945640960";NA;"<a href=\"http://twitter.com/download/iphone\" rel=\"nofollow\">Twitter for iPhone</a>";"JoeyGoldstein1";26;TRUE;FALSE;NA;NA;TRUE
"Congratulations, I played myself via /r/BlackPeopleTwitter https://t.co/pdE0xPlSj8 https://t.co/ziFpVpYWu8";FALSE;5;NA;2017-03-04 04:07:21;FALSE;NA;"837877097968324608";NA;"<a href=\"https://ifttt.com\" rel=\"nofollow\">IFTTT</a>";"redditBPT";2;FALSE;FALSE;NA;NA;TRUE
"D's get degrees via /r/BlackPeopleTwitter https://t.co/5TZsLSqBnG https://t.co/3e18hObcIn";FALSE;10;NA;2017-03-04 04:07:20;FALSE;NA;"837877092066996224";NA;"<a href=\"https://ifttt.com\" rel=\"nofollow\">IFTTT</a>";"redditBPT";5;FALSE;FALSE;NA;NA;TRUE
"#dankmemes #meme #memes #blackpeopletwitter #dankmeme #whatintarnation #wotnternation… https://t.co/xehyL0GDiO";FALSE;0;NA;2017-03-04 03:57:43;FALSE;NA;"837874672528146434";NA;"<a href=\"http://instagram.com\" rel=\"nofollow\">Instagram</a>";"Manof_theFuture";0;FALSE;FALSE;NA;NA;TRUE
"D's get degrees via /r/BlackPeopleTwitter https://t.co/qb9761Dqyt https://t.co/vfeJ3ziQF1";FALSE;0;NA;2017-03-04 03:57:30;FALSE;NA;"837874618732015616";NA;"<a href=\"https://ifttt.com\" rel=\"nofollow\">IFTTT</a>";"Peopletweetter";0;FALSE;FALSE;NA;NA;TRUE
"#dankmemes #meme #memes #blackpeopletwitter #dankmeme #nickiminaj #music https://t.co/Yh5di0X1uX";FALSE;0;NA;2017-03-04 03:56:57;FALSE;NA;"837874479657254912";NA;"<a href=\"http://instagram.com\" rel=\"nofollow\">Instagram</a>";"Manof_theFuture";0;FALSE;FALSE;NA;NA;TRUE
"The Carpentry School Dropout https://t.co/3ReMPRY8mH https://t.co/5OPBQOZSG7";FALSE;1;NA;2017-03-04 03:41:10;FALSE;NA;"837870508196642820";NA;"<a href=\"https://ifttt.com\" rel=\"nofollow\">IFTTT</a>";"MixtapesMemes";0;FALSE;FALSE;NA;NA;TRUE
"D's get degrees via /r/BlackPeopleTwitter https://t.co/QtzYbjsTAA https://t.co/5SEdZfmNLN";FALSE;0;NA;2017-03-04 03:39:25;FALSE;NA;"837870065294921728";NA;"<a href=\"https://ifttt.com\" rel=\"nofollow\">IFTTT</a>";"IAmAllenBot";0;FALSE;FALSE;NA;NA;TRUE
"WWJD? https://t.co/UwcMUBCyZh https://t.co/0nJxZmXDkd";FALSE;0;NA;2017-03-04 03:31:16;FALSE;NA;"837868017425973248";NA;"<a href=\"https://ifttt.com\" rel=\"nofollow\">IFTTT</a>";"MixtapesMemes";0;FALSE;FALSE;NA;NA;TRUE
"RT @redditBPT: Pizza is cancelled via /r/BlackPeopleTwitter https://t.co/yk0aCoI50J https://t.co/fi33fWAIpP";FALSE;0;NA;2017-03-04 03:24:11;FALSE;NA;"837866231768178688";NA;"<a href=\"http://twitter.com\" rel=\"nofollow\">Twitter Web Client</a>";"AVnuRadical";26;TRUE;FALSE;NA;NA;TRUE
"RT @redditBPT: Pizza is cancelled via /r/BlackPeopleTwitter https://t.co/yk0aCoI50J https://t.co/fi33fWAIpP";FALSE;0;NA;2017-03-04 03:05:04;FALSE;NA;"837861421971095558";NA;"<a href=\"http://twitter.com/download/iphone\" rel=\"nofollow\">Twitter for iPhone</a>";"Jethroee";26;TRUE;FALSE;NA;NA;TRUE
"ASAHD send me this study guide https://t.co/EoMrLxS7j0 https://t.co/SI2zAEwsLZ";FALSE;0;NA;2017-03-04 02:46:12;FALSE;NA;"837856674799026176";NA;"<a href=\"https://ifttt.com\" rel=\"nofollow\">IFTTT</a>";"MixtapesMemes";0;FALSE;FALSE;NA;NA;TRUE
"RT @redditBPT: Imma just see myself out. via /r/BlackPeopleTwitter https://t.co/omPIy76WH8 https://t.co/ietrg1Th6B";FALSE;0;NA;2017-03-04 02:42:02;FALSE;NA;"837855627300990976";NA;"<a href=\"http://twitter.com/download/iphone\" rel=\"nofollow\">Twitter for iPhone</a>";"ThePrinceHollie";5;TRUE;FALSE;NA;NA;TRUE
"RT @redditBPT: Imma just see myself out. via /r/BlackPeopleTwitter https://t.co/omPIy76WH8 https://t.co/ietrg1Th6B";FALSE;0;NA;2017-03-04 02:11:10;FALSE;NA;"837847856924893184";NA;"<a href=\"http://tapbots.com/tweetbot\" rel=\"nofollow\">Tweetbot for i<U+039F>S</a>";"Bvttousai";5;TRUE;FALSE;NA;NA;TRUE
"I got this shit. (X-post r/gaming) https://t.co/QzNdasCeQY https://t.co/1GxdMyLDa6";FALSE;0;NA;2017-03-04 02:01:45;FALSE;NA;"837845489433395200";NA;"<a href=\"https://ifttt.com\" rel=\"nofollow\">IFTTT</a>";"MixtapesMemes";0;FALSE;FALSE;NA;NA;TRUE
"RT @redditBPT: Pizza is cancelled via /r/BlackPeopleTwitter https://t.co/yk0aCoI50J https://t.co/fi33fWAIpP";FALSE;0;NA;2017-03-04 01:54:02;FALSE;NA;"837843545159512064";NA;"<a href=\"http://twitter.com\" rel=\"nofollow\">Twitter Web Client</a>";"Dustinjr1993";26;TRUE;FALSE;NA;NA;TRUE
"RT @redditBPT: Imma just see myself out. via /r/BlackPeopleTwitter https://t.co/omPIy76WH8 https://t.co/ietrg1Th6B";FALSE;0;NA;2017-03-04 01:52:30;FALSE;NA;"837843160525070336";NA;"<a href=\"http://twitter.com/download/iphone\" rel=\"nofollow\">Twitter for iPhone</a>";"DirtyGarbage";5;TRUE;FALSE;NA;NA;TRUE
"Deal with it https://t.co/RyRwSHf9zc https://t.co/sRR65UUMfm";FALSE;0;NA;2017-03-04 01:51:19;FALSE;NA;"837842864470175744";NA;"<a href=\"https://ifttt.com\" rel=\"nofollow\">IFTTT</a>";"MixtapesMemes";0;FALSE;FALSE;NA;NA;TRUE
"Congratulations, I played myself https://t.co/Kpfv3MA010 https://t.co/1w1hOAqJrW";FALSE;0;NA;2017-03-04 01:36:41;FALSE;NA;"837839178922659840";NA;"<a href=\"https://ifttt.com\" rel=\"nofollow\">IFTTT</a>";"MixtapesMemes";0;FALSE;FALSE;NA;NA;TRUE
"RT @redditBPT: Taylor Swift is expecting via /r/BlackPeopleTwitter https://t.co/dfpcOnBjnK https://t.co/dyovbWRW0R";FALSE;0;NA;2017-03-04 01:36:05;FALSE;NA;"837839030251290626";NA;"<a href=\"http://twitter.com\" rel=\"nofollow\">Twitter Web Client</a>";"dwats_iam92";2;TRUE;FALSE;NA;NA;TRUE
"RT @redditBPT: Mistress coming and tearing the royal court apart via /r/BlackPeopleTwitter https://t.co/gLMJzTCeoy https://t.co/0pm03oOvkd";FALSE;0;NA;2017-03-04 01:34:37;FALSE;NA;"837838660129148928";NA;"<a href=\"http://twitter.com\" rel=\"nofollow\">Twitter Web Client</a>";"dwats_iam92";3;TRUE;FALSE;NA;NA;TRUE
"Mine yo bznz via /r/BlackPeopleTwitter https://t.co/g2Zq3uFEga https://t.co/gfnMzh5zvv";FALSE;0;NA;2017-03-04 01:34:19;FALSE;NA;"837838584535199744";NA;"<a href=\"https://ifttt.com\" rel=\"nofollow\">IFTTT</a>";"IAmAllenBot";0;FALSE;FALSE;NA;NA;TRUE
"Mine yo bznz via /r/BlackPeopleTwitter https://t.co/fHQIFaLWXO https://t.co/oKMNHAH74a";FALSE;3;NA;2017-03-04 01:32:15;FALSE;NA;"837838064240181248";NA;"<a href=\"https://ifttt.com\" rel=\"nofollow\">IFTTT</a>";"redditBPT";1;FALSE;FALSE;NA;NA;TRUE
"Imma just see myself out. via /r/BlackPeopleTwitter https://t.co/omPIy76WH8 https://t.co/ietrg1Th6B";FALSE;12;NA;2017-03-04 01:32:14;FALSE;NA;"837838059093831680";NA;"<a href=\"https://ifttt.com\" rel=\"nofollow\">IFTTT</a>";"redditBPT";5;FALSE;FALSE;NA;NA;TRUE
"Imma just see myself out. #blackpeopletwitter https://t.co/NNPtEaNz1c";FALSE;0;NA;2017-03-04 01:32:08;FALSE;NA;"837838034456481792";NA;"<a href=\"https://ifttt.com\" rel=\"nofollow\">IFTTT</a>";"niggaztweet";0;FALSE;FALSE;NA;NA;TRUE
"Imma just see myself out. via /r/BlackPeopleTwitter https://t.co/xV7orC4tBc https://t.co/DMWwF3raFR";FALSE;0;NA;2017-03-04 01:32:05;FALSE;NA;"837838024092364800";NA;"<a href=\"https://ifttt.com\" rel=\"nofollow\">IFTTT</a>";"Peopletweetter";0;FALSE;FALSE;NA;NA;TRUE
"RT @redditBPT: \"but...but Isis..?\" via /r/BlackPeopleTwitter https://t.co/7bpLn0fmdq https://t.co/cgStwBIYhO";FALSE;0;NA;2017-03-04 01:27:10;FALSE;NA;"837836786294472704";NA;"<a href=\"http://twitter.com/download/iphone\" rel=\"nofollow\">Twitter for iPhone</a>";"NickBalletto";11;TRUE;FALSE;NA;NA;TRUE
"#memes #dankmemes #funny #Blackpeopletwitter https://t.co/cWvaJVh0bU";FALSE;0;NA;2017-03-04 01:25:03;FALSE;NA;"837836251944333312";NA;"<a href=\"http://dank.city\" rel=\"nofollow\">ChirpMemes</a>";"will_dankspeare";0;FALSE;FALSE;NA;NA;TRUE
"RT @redditBPT: \"but...but Isis..?\" via /r/BlackPeopleTwitter https://t.co/7bpLn0fmdq https://t.co/cgStwBIYhO";FALSE;0;NA;2017-03-04 01:20:56;FALSE;NA;"837835215376625664";NA;"<a href=\"http://twitter.com/download/iphone\" rel=\"nofollow\">Twitter for iPhone</a>";"DM_Josh";11;TRUE;FALSE;NA;NA;TRUE
"Taylor Swift is expecting via /r/BlackPeopleTwitter https://t.co/P646PxUeWx https://t.co/WK8hystwWk";FALSE;0;NA;2017-03-04 00:57:21;FALSE;NA;"837829283565416448";NA;"<a href=\"https://ifttt.com\" rel=\"nofollow\">IFTTT</a>";"Peopletweetter";0;FALSE;FALSE;NA;NA;TRUE
"#memes #dankmemes #funny #Blackpeopletwitter https://t.co/kbJl7u7My9";FALSE;0;NA;2017-03-04 00:45:11;FALSE;NA;"837826217965457408";NA;"<a href=\"http://dank.city\" rel=\"nofollow\">ChirpMemes</a>";"will_dankspeare";0;FALSE;FALSE;NA;NA;TRUE
"Taylor Swift is expecting via /r/BlackPeopleTwitter https://t.co/dfpcOnBjnK https://t.co/dyovbWRW0R";FALSE;5;NA;2017-03-04 00:37:32;FALSE;NA;"837824293283192832";NA;"<a href=\"https://ifttt.com\" rel=\"nofollow\">IFTTT</a>";"redditBPT";2;FALSE;FALSE;NA;NA;TRUE
"#memes #dankmemes #funny #Blackpeopletwitter https://t.co/ZIBL9O09tf";FALSE;0;NA;2017-03-04 00:30:06;FALSE;NA;"837822425324748800";NA;"<a href=\"http://dank.city\" rel=\"nofollow\">ChirpMemes</a>";"will_dankspeare";0;FALSE;FALSE;NA;NA;TRUE
"#memes #dankmemes #funny #Blackpeopletwitter https://t.co/xIXUERdbas";FALSE;0;NA;2017-03-04 00:25:04;FALSE;NA;"837821157143371778";NA;"<a href=\"http://dank.city\" rel=\"nofollow\">ChirpMemes</a>";"will_dankspeare";0;FALSE;FALSE;NA;NA;TRUE
"RT @redditBPT: \"Woooooow, that's crazy.\" via /r/BlackPeopleTwitter https://t.co/OTG8zA3GKi https://t.co/rcV1C4txG6";FALSE;0;NA;2017-03-04 00:24:31;FALSE;NA;"837821018513227776";NA;"<a href=\"http://twitter.com/download/iphone\" rel=\"nofollow\">Twitter for iPhone</a>";"ThePrinceHollie";1;TRUE;FALSE;NA;NA;TRUE
"RT @redditBPT: Mistress coming and tearing the royal court apart via /r/BlackPeopleTwitter https://t.co/gLMJzTCeoy https://t.co/0pm03oOvkd";FALSE;0;NA;2017-03-04 00:24:09;FALSE;NA;"837820928335675392";NA;"<a href=\"http://twitter.com/download/iphone\" rel=\"nofollow\">Twitter for iPhone</a>";"ThePrinceHollie";3;TRUE;FALSE;NA;NA;TRUE
"Bubble hard in the double R via /r/BlackPeopleTwitter https://t.co/EkO4xDg3PZ https://t.co/2Qx8yofIXE";FALSE;0;NA;2017-03-04 00:09:21;FALSE;NA;"837817202753556480";NA;"<a href=\"https://ifttt.com\" rel=\"nofollow\">IFTTT</a>";"IAmAllenBot";0;FALSE;FALSE;NA;NA;TRUE
"Fact: /r/blackpeopletwitter will improve the quality of your life by 15%. The shit that hits the front page there is hilarious.";FALSE;0;NA;2017-03-04 00:05:20;FALSE;NA;"837816191854985216";NA;"<a href=\"http://twitter.com\" rel=\"nofollow\">Twitter Web Client</a>";"CtrlAltMegan";0;FALSE;FALSE;NA;NA;TRUE
"RT @niggaztweet: Apt Comparison #blackpeopletwitter https://t.co/unz7PZCLtz";FALSE;0;NA;2017-03-04 00:04:33;FALSE;NA;"837815992709447680";NA;"<a href=\"http://twitter.com/download/android\" rel=\"nofollow\">Twitter for Android</a>";"CamdenOrdway";1;TRUE;FALSE;NA;NA;TRUE
"#memes #dankmemes #funny #Blackpeopletwitter https://t.co/sUaqBf7Jb1";FALSE;0;NA;2017-03-03 23:55:03;FALSE;NA;"837813604397301760";NA;"<a href=\"http://dank.city\" rel=\"nofollow\">ChirpMemes</a>";"will_dankspeare";0;FALSE;FALSE;NA;NA;TRUE
"Imma just see myself out. https://t.co/Ihkh54erw7 https://t.co/uoy49ccDyh";FALSE;0;NA;2017-03-03 23:46:20;FALSE;NA;"837811410742697986";NA;"<a href=\"https://ifttt.com\" rel=\"nofollow\">IFTTT</a>";"MixtapesMemes";0;FALSE;FALSE;NA;NA;TRUE
"Bubble hard in the double R via /r/BlackPeopleTwitter https://t.co/UabQOMjJOT https://t.co/z5k3a6i8du";FALSE;9;NA;2017-03-03 23:42:19;FALSE;NA;"837810397004591104";NA;"<a href=\"https://ifttt.com\" rel=\"nofollow\">IFTTT</a>";"redditBPT";1;FALSE;FALSE;NA;NA;TRUE
"RT @rohbhatt: Pizza is cancelled

https://t.co/0LgLL9LOcv
@hyrulecitizen";FALSE;0;NA;2017-03-03 23:38:02;FALSE;NA;"837809320490319876";NA;"<a href=\"http://twitter.com/download/iphone\" rel=\"nofollow\">Twitter for iPhone</a>";"KingJr301";3;TRUE;FALSE;NA;NA;TRUE
"Bubble hard in the double R via /r/BlackPeopleTwitter https://t.co/ltZcZHR3rW https://t.co/Dyjm2Xh25v";FALSE;0;NA;2017-03-03 23:37:15;FALSE;NA;"837809123928457216";NA;"<a href=\"https://ifttt.com\" rel=\"nofollow\">IFTTT</a>";"Peopletweetter";0;FALSE;FALSE;NA;NA;TRUE
"If I had a dime every time... https://t.co/o6NqNru3Ov https://t.co/7AHo7ZWLGS";FALSE;0;NA;2017-03-03 23:36:13;FALSE;NA;"837808863478972416";NA;"<a href=\"https://ifttt.com\" rel=\"nofollow\">IFTTT</a>";"MixtapesMemes";0;FALSE;FALSE;NA;NA;TRUE
"RT @redditBPT: \"but...but Isis..?\" via /r/BlackPeopleTwitter https://t.co/7bpLn0fmdq https://t.co/cgStwBIYhO";FALSE;0;NA;2017-03-03 23:21:53;FALSE;NA;"837805256738164738";NA;"<a href=\"http://twitter.com/download/iphone\" rel=\"nofollow\">Twitter for iPhone</a>";"vitaminj88";11;TRUE;FALSE;NA;NA;TRUE
"Bubble hard in the double R #blackpeopletwitter https://t.co/MvSN3xiVOH";FALSE;0;NA;2017-03-03 23:12:24;FALSE;NA;"837802870640689152";NA;"<a href=\"https://ifttt.com\" rel=\"nofollow\">IFTTT</a>";"niggaztweet";0;FALSE;FALSE;NA;NA;TRUE
"RT @redditBPT: I got a real good jazz collection at the crib via /r/BlackPeopleTwitter https://t.co/lXueC0thsJ https://t.co/5IoCaplYQJ";FALSE;0;NA;2017-03-03 23:07:52;FALSE;NA;"837801727986450432";NA;"<a href=\"http://twitter.com/download/android\" rel=\"nofollow\">Twitter for Android</a>";"galen_jones";1;TRUE;FALSE;NA;NA;TRUE
"Flip-mode memories https://t.co/aYoNjyrGkv https://t.co/WMWsBkK2Fd";FALSE;0;NA;2017-03-03 23:07:33;FALSE;NA;"837801647594221568";NA;"<a href=\"https://ifttt.com\" rel=\"nofollow\">IFTTT</a>";"MixtapesMemes";0;FALSE;FALSE;NA;NA;TRUE
"Pizza is cancelled via /r/BlackPeopleTwitter https://t.co/YmQnI7xGCE https://t.co/G9VsypAq06";FALSE;0;NA;2017-03-03 22:49:26;FALSE;NA;"837797088813596672";NA;"<a href=\"https://ifttt.com\" rel=\"nofollow\">IFTTT</a>";"IanDikhtiar";0;FALSE;FALSE;NA;NA;TRUE
"Mine yo bznz https://t.co/DbPIqbV96c https://t.co/kvh90kmE4W";FALSE;0;NA;2017-03-03 22:46:58;FALSE;NA;"837796470053031936";NA;"<a href=\"https://ifttt.com\" rel=\"nofollow\">IFTTT</a>";"MixtapesMemes";0;FALSE;FALSE;NA;NA;TRUE
"Hood logic via /r/BlackPeopleTwitter https://t.co/qaSZQVpKa0 https://t.co/9lr3ds9cUa";FALSE;0;NA;2017-03-03 22:42:29;FALSE;NA;"837795341491650560";NA;"<a href=\"https://ifttt.com\" rel=\"nofollow\">IFTTT</a>";"Peopletweetter";0;FALSE;FALSE;NA;NA;TRUE
"Hood logic via /r/BlackPeopleTwitter https://t.co/RO1APnTeu1 https://t.co/MyCdXWRFm9";FALSE;3;NA;2017-03-03 22:42:14;FALSE;NA;"837795278539350016";NA;"<a href=\"https://ifttt.com\" rel=\"nofollow\">IFTTT</a>";"redditBPT";1;FALSE;FALSE;NA;NA;TRUE
"Good Morning, My G. via /r/BlackPeopleTwitter https://t.co/i4sBzlIk7k https://t.co/PFbmeyu4Xx";FALSE;1;NA;2017-03-03 22:42:13;FALSE;NA;"837795273149714432";NA;"<a href=\"https://ifttt.com\" rel=\"nofollow\">IFTTT</a>";"redditBPT";1;FALSE;FALSE;NA;NA;TRUE
"RT @redditBPT: Reddit irl via /r/BlackPeopleTwitter https://t.co/BVndAghtqm https://t.co/r1AanHxUaw";FALSE;0;NA;2017-03-03 22:41:06;FALSE;NA;"837794993020547072";NA;"<a href=\"http://twitter.com/download/android\" rel=\"nofollow\">Twitter for Android</a>";"JusticeMcmill";4;TRUE;FALSE;NA;NA;TRUE
"RT @redditBPT: For real via /r/BlackPeopleTwitter https://t.co/UoFtwugc27 https://t.co/FXpp2oAZeB";FALSE;0;NA;2017-03-03 22:40:45;FALSE;NA;"837794903434362880";NA;"<a href=\"http://twitter.com/download/android\" rel=\"nofollow\">Twitter for Android</a>";"JusticeMcmill";1;TRUE;FALSE;NA;NA;TRUE
"#memes #dankmemes #funny #Blackpeopletwitter https://t.co/scFEIT0mMk";FALSE;0;NA;2017-03-03 22:40:05;FALSE;NA;"837794738497544192";NA;"<a href=\"http://dank.city\" rel=\"nofollow\">ChirpMemes</a>";"will_dankspeare";0;FALSE;FALSE;NA;NA;TRUE
"RT @redditBPT: The struggle dating crazy via /r/BlackPeopleTwitter https://t.co/lvmz5Ccp5s https://t.co/4GO5869VGp";FALSE;0;NA;2017-03-03 22:37:56;FALSE;NA;"837794195419062272";NA;"<a href=\"http://twitter.com/download/android\" rel=\"nofollow\">Twitter for Android</a>";"JusticeMcmill";8;TRUE;FALSE;NA;NA;TRUE
"RT @redditBPT: Hotdurgers via /r/BlackPeopleTwitter https://t.co/LXa4vFmQKY https://t.co/Nb8io8Kzto";FALSE;0;NA;2017-03-03 22:36:25;FALSE;NA;"837793816090447872";NA;"<a href=\"http://twitter.com/download/android\" rel=\"nofollow\">Twitter for Android</a>";"JusticeMcmill";2;TRUE;FALSE;NA;NA;TRUE
"RT @redditBPT: Stay in school y'all via /r/BlackPeopleTwitter https://t.co/smcCL3Qgkq https://t.co/o0qY5CYr2q";FALSE;0;NA;2017-03-03 22:33:49;FALSE;NA;"837793158712930304";NA;"<a href=\"http://twitter.com/download/android\" rel=\"nofollow\">Twitter for Android</a>";"JusticeMcmill";3;TRUE;FALSE;NA;NA;TRUE
"RT @redditBPT: Pizza is cancelled via /r/BlackPeopleTwitter https://t.co/yk0aCoI50J https://t.co/fi33fWAIpP";FALSE;0;NA;2017-03-03 22:31:08;FALSE;NA;"837792484436606976";NA;"<a href=\"http://twitter.com/download/android\" rel=\"nofollow\">Twitter for Android</a>";"FilthyCel";26;TRUE;FALSE;NA;NA;TRUE
"#memes #dankmemes #funny #Blackpeopletwitter https://t.co/sOTRvPunJj";FALSE;0;NA;2017-03-03 22:25:04;FALSE;NA;"837790956376178688";NA;"<a href=\"http://dank.city\" rel=\"nofollow\">ChirpMemes</a>";"will_dankspeare";0;FALSE;FALSE;NA;NA;TRUE
"Bubble hard in the double R https://t.co/POwkP58bLd https://t.co/ftde9GtB4E";FALSE;0;NA;2017-03-03 22:16:17;FALSE;NA;"837788745818603520";NA;"<a href=\"https://ifttt.com\" rel=\"nofollow\">IFTTT</a>";"MixtapesMemes";0;FALSE;FALSE;NA;NA;TRUE
"RT @redditBPT: Pizza is cancelled via /r/BlackPeopleTwitter https://t.co/yk0aCoI50J https://t.co/fi33fWAIpP";FALSE;0;NA;2017-03-03 21:56:01;FALSE;NA;"837783648363495424";NA;"<a href=\"http://twitter.com/download/iphone\" rel=\"nofollow\">Twitter for iPhone</a>";"portgxs";26;TRUE;FALSE;NA;NA;TRUE
"RT @redditBPT: Pizza is cancelled via /r/BlackPeopleTwitter https://t.co/yk0aCoI50J https://t.co/fi33fWAIpP";FALSE;0;NA;2017-03-03 21:53:56;FALSE;NA;"837783121521172480";NA;"<a href=\"http://twitter.com/download/android\" rel=\"nofollow\">Twitter for Android</a>";"Murderisillegal";26;TRUE;FALSE;NA;NA;TRUE
"RT @redditBPT: Pizza is cancelled via /r/BlackPeopleTwitter https://t.co/yk0aCoI50J https://t.co/fi33fWAIpP";FALSE;0;NA;2017-03-03 21:53:21;FALSE;NA;"837782974733045760";NA;"<a href=\"http://twitter.com/download/android\" rel=\"nofollow\">Twitter for Android</a>";"ktnxhigh";26;TRUE;FALSE;NA;NA;TRUE
"RT @redditBPT: Mistress coming and tearing the royal court apart via /r/BlackPeopleTwitter https://t.co/gLMJzTCeoy https://t.co/0pm03oOvkd";FALSE;0;NA;2017-03-03 21:52:10;FALSE;NA;"837782679206637568";NA;"<a href=\"http://twitter.com/download/android\" rel=\"nofollow\">Twitter for Android</a>";"AdzBennet";3;TRUE;FALSE;NA;NA;TRUE
"RT @redditBPT: Pizza is cancelled via /r/BlackPeopleTwitter https://t.co/yk0aCoI50J https://t.co/fi33fWAIpP";FALSE;0;NA;2017-03-03 21:50:24;FALSE;NA;"837782234769715200";NA;"<a href=\"http://twitter.com/download/iphone\" rel=\"nofollow\">Twitter for iPhone</a>";"Dragime";26;TRUE;FALSE;NA;NA;TRUE
"RT @redditBPT: Pizza is cancelled via /r/BlackPeopleTwitter https://t.co/yk0aCoI50J https://t.co/fi33fWAIpP";FALSE;0;NA;2017-03-03 21:49:40;FALSE;NA;"837782050795044864";NA;"<a href=\"https://about.twitter.com/products/tweetdeck\" rel=\"nofollow\">TweetDeck</a>";"Dragovus";26;TRUE;FALSE;NA;NA;TRUE
"RT @redditBPT: Pizza is cancelled via /r/BlackPeopleTwitter https://t.co/yk0aCoI50J https://t.co/fi33fWAIpP";FALSE;0;NA;2017-03-03 21:49:18;FALSE;NA;"837781956574212096";NA;"<a href=\"https://mobile.twitter.com\" rel=\"nofollow\">Mobile Web (M5)</a>";"VioletEyesWTF";26;TRUE;FALSE;NA;NA;TRUE
"The McChicken was there before the W-2s https://t.co/w2JYVEcO8T https://t.co/8923CN1xaL";FALSE;0;NA;2017-03-03 21:46:41;FALSE;NA;"837781298894766080";NA;"<a href=\"https://ifttt.com\" rel=\"nofollow\">IFTTT</a>";"MixtapesMemes";0;FALSE;FALSE;NA;NA;TRUE
"RT @redditBPT: No way I'm going back. via /r/BlackPeopleTwitter https://t.co/5yYG0mg4Sd https://t.co/O7PXmldQlm";FALSE;0;NA;2017-03-03 21:39:41;FALSE;NA;"837779536691384320";NA;"<a href=\"http://tapbots.com/tweetbot\" rel=\"nofollow\">Tweetbot for i<U+039F>S</a>";"Bvttousai";1;TRUE;FALSE;NA;NA;TRUE
"I guess Remy called her Spongebob for a reason https://t.co/upMnLo4w4V https://t.co/YBfPo0Au3N";FALSE;0;NA;2017-03-03 21:31:18;FALSE;NA;"837777428856647682";NA;"<a href=\"https://ifttt.com\" rel=\"nofollow\">IFTTT</a>";"MixtapesMemes";0;FALSE;FALSE;NA;NA;TRUE
"#FreeX via /r/BlackPeopleTwitter https://t.co/O0eQ6nQPeM https://t.co/LMGhnTcvDt";FALSE;0;NA;2017-03-03 21:14:34;FALSE;NA;"837773217804746752";NA;"<a href=\"https://ifttt.com\" rel=\"nofollow\">IFTTT</a>";"IAmAllenBot";0;FALSE;FALSE;NA;NA;TRUE
"Mistress coming and tearing the royal court apart via /r/BlackPeopleTwitter https://t.co/e5PCK5aswd https://t.co/fj5I2wME60";FALSE;0;NA;2017-03-03 21:14:33;FALSE;NA;"837773210565414912";NA;"<a href=\"https://ifttt.com\" rel=\"nofollow\">IFTTT</a>";"IAmAllenBot";0;FALSE;FALSE;NA;NA;TRUE
"No way I'm going back. via /r/BlackPeopleTwitter https://t.co/oQgNhphDRb https://t.co/rFQ8NFZNoJ";FALSE;0;NA;2017-03-03 21:14:31;FALSE;NA;"837773202159960064";NA;"<a href=\"https://ifttt.com\" rel=\"nofollow\">IFTTT</a>";"IAmAllenBot";0;FALSE;FALSE;NA;NA;TRUE
"RT @redditBPT: He's not lying tho via /r/BlackPeopleTwitter https://t.co/HGbbaEf7wp https://t.co/P0M0eqohOq";FALSE;0;NA;2017-03-03 21:14:25;FALSE;NA;"837773179879849984";NA;"<a href=\"http://twitter.com\" rel=\"nofollow\">Twitter Web Client</a>";"dwats_iam92";3;TRUE;FALSE;NA;NA;TRUE
"RT @redditBPT: On the lookout via /r/BlackPeopleTwitter https://t.co/IsCaMrJrHZ https://t.co/8khmovc17s";FALSE;0;NA;2017-03-03 21:12:57;FALSE;NA;"837772810873368580";NA;"<a href=\"http://twitter.com\" rel=\"nofollow\">Twitter Web Client</a>";"dwats_iam92";2;TRUE;FALSE;NA;NA;TRUE
"RT @redditBPT: Iron Mike ain't got shit on him. via /r/BlackPeopleTwitter https://t.co/UnzDXk4nvk https://t.co/qy0elMZ0zx";FALSE;0;NA;2017-03-03 21:12:37;FALSE;NA;"837772724424609792";NA;"<a href=\"http://twitter.com\" rel=\"nofollow\">Twitter Web Client</a>";"dwats_iam92";2;TRUE;FALSE;NA;NA;TRUE
"#FreeX via /r/BlackPeopleTwitter https://t.co/bzljmDzBSg https://t.co/PqPiYEeHdD";FALSE;4;NA;2017-03-03 21:12:33;FALSE;NA;"837772707970306048";NA;"<a href=\"https://ifttt.com\" rel=\"nofollow\">IFTTT</a>";"redditBPT";0;FALSE;FALSE;NA;NA;TRUE
"No way I'm going back. via /r/BlackPeopleTwitter https://t.co/5yYG0mg4Sd https://t.co/O7PXmldQlm";FALSE;4;NA;2017-03-03 21:12:29;FALSE;NA;"837772692627546112";NA;"<a href=\"https://ifttt.com\" rel=\"nofollow\">IFTTT</a>";"redditBPT";1;FALSE;FALSE;NA;NA;TRUE
"Mistress coming and tearing the royal court apart #blackpeopletwitter https://t.co/wheXfhoQWT";FALSE;0;NA;2017-03-03 21:07:11;FALSE;NA;"837771357605724162";NA;"<a href=\"https://ifttt.com\" rel=\"nofollow\">IFTTT</a>";"niggaztweet";0;FALSE;FALSE;NA;NA;TRUE
"That's that witchkraft https://t.co/1aUKhg69FM https://t.co/bS3O8MnMJK";FALSE;0;NA;2017-03-03 21:06:04;FALSE;NA;"837771076973244416";NA;"<a href=\"https://ifttt.com\" rel=\"nofollow\">IFTTT</a>";"MixtapesMemes";0;FALSE;FALSE;NA;NA;TRUE
"When your beliefs are unpopular because you commented in /r/blackpeopletwitter via /r/Libe… https://t.co/suAN1n1mvT https://t.co/tj8vh6HHps";FALSE;0;NA;2017-03-03 21:00:32;FALSE;NA;"837769686418776064";NA;"<a href=\"https://ifttt.com\" rel=\"nofollow\">IFTTT</a>";"jimhanespacm01";0;FALSE;FALSE;NA;NA;TRUE
"#FreeX via /r/BlackPeopleTwitter https://t.co/L6BG5O5rQZ https://t.co/7soVFztJBQ";FALSE;0;NA;2017-03-03 20:57:15;FALSE;NA;"837768856525488128";NA;"<a href=\"https://ifttt.com\" rel=\"nofollow\">IFTTT</a>";"Peopletweetter";0;FALSE;FALSE;NA;NA;TRUE
"Mistress coming and tearing the royal court apart via /r/BlackPeopleTwitter https://t.co/y7quDqNQ73 https://t.co/oSJHX54Ax0";FALSE;0;NA;2017-03-03 20:57:13;FALSE;NA;"837768849906888706";NA;"<a href=\"https://ifttt.com\" rel=\"nofollow\">IFTTT</a>";"Peopletweetter";0;FALSE;FALSE;NA;NA;TRUE
"Good Morning, My G. via /r/BlackPeopleTwitter https://t.co/liIuS6zsls https://t.co/ZJXhlX4Qua";FALSE;0;NA;2017-03-03 20:39:34;FALSE;NA;"837764406608072704";NA;"<a href=\"https://ifttt.com\" rel=\"nofollow\">IFTTT</a>";"IAmAllenBot";0;FALSE;FALSE;NA;NA;TRUE
"Good Morning, My G. #blackpeopletwitter https://t.co/C82o0NpZjI";FALSE;0;NA;2017-03-03 20:37:20;FALSE;NA;"837763846647517184";NA;"<a href=\"https://ifttt.com\" rel=\"nofollow\">IFTTT</a>";"niggaztweet";0;FALSE;FALSE;NA;NA;TRUE
"Good Morning, My G. via /r/BlackPeopleTwitter https://t.co/rsroJgWvez https://t.co/oKpsg2orDg";FALSE;0;NA;2017-03-03 20:32:18;FALSE;NA;"837762580303200256";NA;"<a href=\"https://ifttt.com\" rel=\"nofollow\">IFTTT</a>";"Peopletweetter";0;FALSE;FALSE;NA;NA;TRUE
"You made it fam @spacebling https://t.co/PbjJkZma3F";FALSE;1;NA;2017-03-03 20:27:25;FALSE;NA;"837761352701628416";NA;"<a href=\"https://github.com/TwidereProject/Twidere-Android/\" rel=\"nofollow\">Twidere for Android #5</a>";"PO_Tomato";0;FALSE;FALSE;NA;NA;TRUE
"RT @redditBPT: \"The girl behind you got a fatty\" via /r/BlackPeopleTwitter https://t.co/D32Zk4Kj3a https://t.co/rTQSVjLq2n";FALSE;0;NA;2017-03-03 20:09:46;FALSE;NA;"837756908559818756";NA;"<a href=\"http://twitter.com/download/android\" rel=\"nofollow\">Twitter for Android</a>";"iNikez";3;TRUE;FALSE;NA;NA;TRUE
"\"Woooooow, that's crazy.\" via /r/BlackPeopleTwitter https://t.co/uJ9yyxqhYM https://t.co/VI5RYrkCvf";FALSE;0;NA;2017-03-03 20:02:30;FALSE;NA;"837755080422146048";NA;"<a href=\"https://ifttt.com\" rel=\"nofollow\">IFTTT</a>";"Peopletweetter";0;FALSE;FALSE;NA;NA;TRUE
"\"Woooooow, that's crazy.\" via /r/BlackPeopleTwitter https://t.co/OTG8zA3GKi https://t.co/rcV1C4txG6";FALSE;7;NA;2017-03-03 20:02:29;FALSE;NA;"837755075447689220";NA;"<a href=\"https://ifttt.com\" rel=\"nofollow\">IFTTT</a>";"redditBPT";1;FALSE;FALSE;NA;NA;TRUE
"\"Woooooow, that's crazy.\" via /r/BlackPeopleTwitter https://t.co/lHRk7OBtdy https://t.co/mxn1ot7Pdp";FALSE;0;NA;2017-03-03 19:54:38;FALSE;NA;"837753098546397186";NA;"<a href=\"https://ifttt.com\" rel=\"nofollow\">IFTTT</a>";"IAmAllenBot";0;FALSE;FALSE;NA;NA;TRUE
"RT @rohbhatt: Pizza is cancelled

https://t.co/0LgLL9LOcv
@hyrulecitizen";FALSE;0;NA;2017-03-03 19:42:57;FALSE;NA;"837750158536364032";NA;"<a href=\"http://twitter.com/download/iphone\" rel=\"nofollow\">Twitter for iPhone</a>";"hyrulecitizen";3;TRUE;FALSE;NA;NA;TRUE
"Pizza is cancelled

https://t.co/0LgLL9LOcv
@hyrulecitizen";FALSE;3;NA;2017-03-03 19:42:32;FALSE;NA;"837750056010858498";NA;"<a href=\"http://twitter.com/download/android\" rel=\"nofollow\">Twitter for Android</a>";"rohbhatt";3;FALSE;FALSE;NA;NA;TRUE
"#FreeX https://t.co/h3QP5nwAeE https://t.co/GBlmd7edP5";FALSE;0;NA;2017-03-03 19:41:09;FALSE;NA;"837749705350209536";NA;"<a href=\"https://ifttt.com\" rel=\"nofollow\">IFTTT</a>";"MixtapesMemes";0;FALSE;FALSE;NA;NA;TRUE
"Mistress coming and tearing the royal court apart https://t.co/1bINDNEI1q https://t.co/66VmtrlLss";FALSE;0;NA;2017-03-03 19:41:07;FALSE;NA;"837749699796938754";NA;"<a href=\"https://ifttt.com\" rel=\"nofollow\">IFTTT</a>";"MixtapesMemes";0;FALSE;FALSE;NA;NA;TRUE
"That line at Walmart ain't no joke neither #blackpeopletwitter https://t.co/K24UnEQquq";FALSE;0;NA;2017-03-03 19:37:32;FALSE;NA;"837748798055120896";NA;"<a href=\"https://ifttt.com\" rel=\"nofollow\">IFTTT</a>";"niggaztweet";0;FALSE;FALSE;NA;NA;TRUE
"#memes #dankmemes #funny #Blackpeopletwitter https://t.co/rO5lwfAJQM";FALSE;0;NA;2017-03-03 19:35:03;FALSE;NA;"837748171098947586";NA;"<a href=\"http://dank.city\" rel=\"nofollow\">ChirpMemes</a>";"will_dankspeare";0;FALSE;FALSE;NA;NA;TRUE
"RT @will_dankspeare: #memes #dankmemes #funny #Blackpeopletwitter https://t.co/KntD6BuDMy";FALSE;0;NA;2017-03-03 19:23:34;FALSE;NA;"837745280317550592";NA;"<a href=\"http://twitter.com\" rel=\"nofollow\">Twitter Web Client</a>";"Slapwank";1;TRUE;FALSE;NA;NA;TRUE
"\"Woooooow, that's crazy.\" https://t.co/cinVzqmk5I https://t.co/RvhGK4fHh6";FALSE;0;NA;2017-03-03 19:11:39;FALSE;NA;"837742281683795968";NA;"<a href=\"https://ifttt.com\" rel=\"nofollow\">IFTTT</a>";"MixtapesMemes";0;FALSE;FALSE;NA;NA;TRUE
"Pizza is cancelled via /r/BlackPeopleTwitter https://t.co/Innk7V2Yea";FALSE;0;NA;2017-03-03 19:00:32;FALSE;NA;"837739484808638466";NA;"<a href=\"https://ifttt.com\" rel=\"nofollow\">IFTTT</a>";"News_Screamer";0;FALSE;FALSE;NA;NA;TRUE
"#memes #dankmemes #funny #Blackpeopletwitter https://t.co/zMWF7Wluq6";FALSE;0;NA;2017-03-03 19:00:04;FALSE;NA;"837739368446066688";NA;"<a href=\"http://dank.city\" rel=\"nofollow\">ChirpMemes</a>";"will_dankspeare";0;FALSE;FALSE;NA;NA;TRUE
"Iron Mike ain't got shit on him. #blackpeopletwitter https://t.co/dD6gedBttp";FALSE;0;NA;2017-03-03 18:42:13;FALSE;NA;"837734876644245504";NA;"<a href=\"https://ifttt.com\" rel=\"nofollow\">IFTTT</a>";"niggaztweet";0;FALSE;FALSE;NA;NA;TRUE
"Chilligator https://t.co/WMzs9GCEMC https://t.co/0NikNv2rpi";FALSE;0;NA;2017-03-03 18:41:31;FALSE;NA;"837734699023872000";NA;"<a href=\"https://ifttt.com\" rel=\"nofollow\">IFTTT</a>";"MixtapesMemes";0;FALSE;FALSE;NA;NA;TRUE
"RT @MixtapesMemes: Star Trek is racist EXP0SED!! https://t.co/dc7z95ZFRe https://t.co/prRrko4ShI";FALSE;0;NA;2017-03-03 18:37:07;FALSE;NA;"837733594441351174";NA;"<a href=\"http://www.trekonomics.com\" rel=\"nofollow\">trknmcsBOT</a>";"trekonomicsbot";1;TRUE;FALSE;NA;NA;TRUE
"Iron Mike ain't got shit on him. via /r/BlackPeopleTwitter https://t.co/TYp4BCOfkw https://t.co/SnzeyFouxr";FALSE;0;NA;2017-03-03 18:24:44;FALSE;NA;"837730477482074112";NA;"<a href=\"https://ifttt.com\" rel=\"nofollow\">IFTTT</a>";"IAmAllenBot";0;FALSE;FALSE;NA;NA;TRUE
"RT @redditBPT: \"but...but Isis..?\" via /r/BlackPeopleTwitter https://t.co/7bpLn0fmdq https://t.co/cgStwBIYhO";FALSE;0;NA;2017-03-03 18:24:12;FALSE;NA;"837730343453065216";NA;"<a href=\"http://twitter.com/download/android\" rel=\"nofollow\">Twitter for Android</a>";"JusticeMcmill";11;TRUE;FALSE;NA;NA;TRUE
"#memes #dankmemes #funny #Blackpeopletwitter https://t.co/KntD6BuDMy";FALSE;0;NA;2017-03-03 18:20:03;FALSE;NA;"837729298559746048";NA;"<a href=\"http://dank.city\" rel=\"nofollow\">ChirpMemes</a>";"will_dankspeare";1;FALSE;FALSE;NA;NA;TRUE
"RT @redditBPT: Looks better then ever via /r/BlackPeopleTwitter https://t.co/PtKlC2jOsv https://t.co/rMhyxEoTY0";FALSE;0;NA;2017-03-03 18:17:09;FALSE;NA;"837728568889106432";NA;"<a href=\"http://twitter.com/download/android\" rel=\"nofollow\">Twitter for Android</a>";"kchronley";5;TRUE;FALSE;NA;NA;TRUE
"Pizza is cancelled https://t.co/IewRJ0yO38 https://t.co/wtfNpa8DE7";FALSE;0;NA;2017-03-03 18:15:36;FALSE;NA;"837728176327491584";NA;"<a href=\"https://ifttt.com\" rel=\"nofollow\">IFTTT</a>";"thur5day";0;FALSE;FALSE;NA;NA;TRUE
"Pizza is cancelled https://t.co/hwpXbtLYuz";FALSE;0;NA;2017-03-03 18:12:59;FALSE;NA;"837727518031491072";NA;"<a href=\"https://ifttt.com\" rel=\"nofollow\">IFTTT</a>";"DamiensHeart";0;FALSE;FALSE;NA;NA;TRUE
"Pizza is cancelled https://t.co/w2iQ7lTai6 https://t.co/jD4FC1DUwN";FALSE;0;NA;2017-03-03 18:07:34;FALSE;NA;"837726154916159488";NA;"<a href=\"https://dlvrit.com/\" rel=\"nofollow\">dlvr.it</a>";"ireddit";0;FALSE;FALSE;NA;NA;TRUE
"That line at Walmart ain't no joke neither https://t.co/4hAcQq6N3A https://t.co/4S2JZUzbZq";FALSE;0;NA;2017-03-03 18:06:27;FALSE;NA;"837725874787139584";NA;"<a href=\"https://ifttt.com\" rel=\"nofollow\">IFTTT</a>";"MixtapesMemes";0;FALSE;FALSE;NA;NA;TRUE
"<ed><U+00A0><U+00BD><ed><U+00B3><U+00B7> y'all, i apologize. (via /r/BlackPeopleTwitter) https://t.co/6i785PQwYX";FALSE;0;NA;2017-03-03 17:58:21;FALSE;NA;"837723835990437888";NA;"<a href=\"http://www.tumblr.com/\" rel=\"nofollow\">Tumblr</a>";"DarceyBusch";0;FALSE;FALSE;NA;NA;TRUE
"When your beliefs are unpopular because you commented in /r/blackpeopletwitter via /r/Libertarian https://t.co/xIZyqqDy0Z";FALSE;0;NA;2017-03-03 17:55:17;FALSE;NA;"837723066776096774";NA;"<a href=\"https://ifttt.com\" rel=\"nofollow\">IFTTT</a>";"max_follow";0;FALSE;FALSE;NA;NA;TRUE
"Aqua 8's are no match for Bat 2's. they Just isn't in the same League. via /r/BlackPeopleT… https://t.co/Yv0ZTn3Lxk https://t.co/0lFLtLNhSc";FALSE;0;NA;2017-03-03 17:54:26;FALSE;NA;"837722853143375872";NA;"<a href=\"https://ifttt.com\" rel=\"nofollow\">IFTTT</a>";"IAmAllenBot";0;FALSE;FALSE;NA;NA;TRUE
"Pizza is cancelled https://t.co/fhyrJCTCDn https://t.co/aP0Z4Us9ve";FALSE;0;NA;2017-03-03 17:46:11;FALSE;NA;"837720773468921856";NA;"<a href=\"https://dlvrit.com/\" rel=\"nofollow\">dlvr.it</a>";"ChrisTidder";0;FALSE;FALSE;NA;NA;TRUE
"Aqua 8's are no match for Bat 2's. they Just isn't in the same League. #blackpeopletwitter https://t.co/hK4L1MJikE";FALSE;0;NA;2017-03-03 17:42:22;FALSE;NA;"837719814659506176";NA;"<a href=\"https://ifttt.com\" rel=\"nofollow\">IFTTT</a>";"niggaztweet";0;FALSE;FALSE;NA;NA;TRUE
"Good Morning, My G. https://t.co/SKojZBCieB https://t.co/DGq1YyzIYG";FALSE;0;NA;2017-03-03 17:41:42;FALSE;NA;"837719645079683076";NA;"<a href=\"https://ifttt.com\" rel=\"nofollow\">IFTTT</a>";"MixtapesMemes";0;FALSE;FALSE;NA;NA;TRUE
"RT @redditBPT: Who does he think he is coughing in the house of the lord via /r/BlackPeopleTwitter https://t.co/teL1q6grs4 https://t.co/X9r…";FALSE;0;NA;2017-03-03 17:37:58;FALSE;NA;"837718705668669440";NA;"<a href=\"http://tapbots.com/tweetbot\" rel=\"nofollow\">Tweetbot for i<U+039F>S</a>";"Bvttousai";1;TRUE;FALSE;NA;NA;TRUE
"RT @redditBPT: Pizza is cancelled via /r/BlackPeopleTwitter https://t.co/yk0aCoI50J https://t.co/fi33fWAIpP";FALSE;0;NA;2017-03-03 17:36:04;FALSE;NA;"837718227568345088";NA;"<a href=\"http://tapbots.com/tweetbot\" rel=\"nofollow\">Tweetbot for i<U+039F>S</a>";"Bvttousai";26;TRUE;FALSE;NA;NA;TRUE
"R-E-S-P-E-C-T, find out what it means to US. https://t.co/88ohazlmci https://t.co/hxjMk6B95c";FALSE;0;NA;2017-03-03 17:26:27;FALSE;NA;"837715810575581186";NA;"<a href=\"https://ifttt.com\" rel=\"nofollow\">IFTTT</a>";"MixtapesMemes";0;FALSE;FALSE;NA;NA;TRUE
"Apt Comparison #blackpeopletwitter https://t.co/unz7PZCLtz";FALSE;0;NA;2017-03-03 17:12:39;FALSE;NA;"837712334424526852";NA;"<a href=\"https://ifttt.com\" rel=\"nofollow\">IFTTT</a>";"niggaztweet";1;FALSE;FALSE;NA;NA;TRUE
"Pizza is cancelled #blackpeopletwitter https://t.co/HxADDEkZII";FALSE;0;NA;2017-03-03 17:12:37;FALSE;NA;"837712327545847808";NA;"<a href=\"https://ifttt.com\" rel=\"nofollow\">IFTTT</a>";"niggaztweet";0;FALSE;FALSE;NA;NA;TRUE
"RT @redditBPT: Pizza is cancelled via /r/BlackPeopleTwitter https://t.co/yk0aCoI50J https://t.co/fi33fWAIpP";FALSE;0;NA;2017-03-03 17:12:16;FALSE;NA;"837712239066939392";NA;"<a href=\"http://twitter.com/download/iphone\" rel=\"nofollow\">Twitter for iPhone</a>";"dovvty";26;TRUE;FALSE;NA;NA;TRUE
"Pizza is cancelled via /r/BlackPeopleTwitter https://t.co/fj2Fs4879s https://t.co/k0cpdoR9tV";FALSE;0;NA;2017-03-03 17:04:19;FALSE;NA;"837710240334368768";NA;"<a href=\"https://ifttt.com\" rel=\"nofollow\">IFTTT</a>";"IAmAllenBot";0;FALSE;FALSE;NA;NA;TRUE
"facebook issa cancer https://t.co/2NdcdZmrx0 https://t.co/laYq78uAnn";FALSE;0;NA;2017-03-03 17:01:45;FALSE;NA;"837709594864533504";NA;"<a href=\"https://ifttt.com\" rel=\"nofollow\">IFTTT</a>";"MixtapesMemes";0;FALSE;FALSE;NA;NA;TRUE
"Pizza is cancelled via /r/BlackPeopleTwitter https://t.co/yk0aCoI50J https://t.co/fi33fWAIpP";FALSE;57;NA;2017-03-03 16:57:22;FALSE;NA;"837708491615846400";NA;"<a href=\"https://ifttt.com\" rel=\"nofollow\">IFTTT</a>";"redditBPT";26;FALSE;FALSE;NA;NA;TRUE
"\"but...but Isis..?\" via /r/BlackPeopleTwitter https://t.co/7bpLn0fmdq https://t.co/cgStwBIYhO";FALSE;22;NA;2017-03-03 16:57:19;FALSE;NA;"837708478437277696";NA;"<a href=\"https://ifttt.com\" rel=\"nofollow\">IFTTT</a>";"redditBPT";11;FALSE;FALSE;NA;NA;TRUE
"Aqua 8's are no match for Bat 2's. they Just isn't in the same League. https://t.co/W8goLyqSeH https://t.co/B1pxcHS6Aq";FALSE;0;NA;2017-03-03 16:51:21;FALSE;NA;"837706975651774464";NA;"<a href=\"https://ifttt.com\" rel=\"nofollow\">IFTTT</a>";"MixtapesMemes";0;FALSE;FALSE;NA;NA;TRUE
"\"but...but Isis..?\" #blackpeopletwitter https://t.co/LYh5q2ccNA";FALSE;0;NA;2017-03-03 16:42:22;FALSE;NA;"837704713835528192";NA;"<a href=\"https://ifttt.com\" rel=\"nofollow\">IFTTT</a>";"niggaztweet";0;FALSE;FALSE;NA;NA;TRUE
"RT @redditBPT: \"The girl behind you got a fatty\" via /r/BlackPeopleTwitter https://t.co/D32Zk4Kj3a https://t.co/rTQSVjLq2n";FALSE;0;NA;2017-03-03 16:31:40;FALSE;NA;"837702021423726592";NA;"<a href=\"http://twitter.com/download/android\" rel=\"nofollow\">Twitter for Android</a>";"MikeWiggs34";3;TRUE;FALSE;NA;NA;TRUE
"\"but...but Isis..?\" via /r/BlackPeopleTwitter https://t.co/bjrPqZiMQu https://t.co/YaS9hEVj1w";FALSE;0;NA;2017-03-03 16:29:12;FALSE;NA;"837701401979518978";NA;"<a href=\"https://ifttt.com\" rel=\"nofollow\">IFTTT</a>";"IAmAllenBot";0;FALSE;FALSE;NA;NA;TRUE
"On the lookout via /r/BlackPeopleTwitter https://t.co/2H0yEvoS3z https://t.co/vCidzFkZ5c";FALSE;0;NA;2017-03-03 16:29:10;FALSE;NA;"837701393691602944";NA;"<a href=\"https://ifttt.com\" rel=\"nofollow\">IFTTT</a>";"IAmAllenBot";0;FALSE;FALSE;NA;NA;TRUE
"\"but...but Isis..?\" via /r/BlackPeopleTwitter https://t.co/Lbq48PU0jV https://t.co/A2ChdDCA2a";FALSE;1;NA;2017-03-03 16:27:28;FALSE;NA;"837700964517875712";NA;"<a href=\"https://ifttt.com\" rel=\"nofollow\">IFTTT</a>";"Peopletweetter";0;FALSE;FALSE;NA;NA;TRUE
"On the lookout via /r/BlackPeopleTwitter https://t.co/cBu3TF4l3O https://t.co/qvntwehDZ6";FALSE;0;NA;2017-03-03 16:27:26;FALSE;NA;"837700958637473792";NA;"<a href=\"https://ifttt.com\" rel=\"nofollow\">IFTTT</a>";"Peopletweetter";0;FALSE;FALSE;NA;NA;TRUE
"#memes #dankmemes #funny #Blackpeopletwitter https://t.co/AqqhBOWaqj";FALSE;1;NA;2017-03-03 16:25:04;FALSE;NA;"837700359263043584";NA;"<a href=\"http://dank.city\" rel=\"nofollow\">ChirpMemes</a>";"will_dankspeare";0;FALSE;FALSE;NA;NA;TRUE
"On the lookout #blackpeopletwitter https://t.co/srtV5Uqwpw";FALSE;0;NA;2017-03-03 16:22:50;FALSE;NA;"837699799851888640";NA;"<a href=\"https://ifttt.com\" rel=\"nofollow\">IFTTT</a>";"niggaztweet";0;FALSE;FALSE;NA;NA;TRUE
"#memes #dankmemes #funny #Blackpeopletwitter https://t.co/TXAsUQw0sX";FALSE;1;NA;2017-03-03 16:20:04;FALSE;NA;"837699102926336002";NA;"<a href=\"http://dank.city\" rel=\"nofollow\">ChirpMemes</a>";"will_dankspeare";0;FALSE;FALSE;NA;NA;TRUE
"#memes #dankmemes #funny #Blackpeopletwitter https://t.co/8WKCI74n5S";FALSE;0;NA;2017-03-03 16:15:05;FALSE;NA;"837697849060167680";NA;"<a href=\"http://dank.city\" rel=\"nofollow\">ChirpMemes</a>";"will_dankspeare";0;FALSE;FALSE;NA;NA;TRUE
"\"but...but Isis..?\" https://t.co/fEQ43BrNq3 https://t.co/aos5NCRcm9";FALSE;0;NA;2017-03-03 15:57:02;FALSE;NA;"837693305748144130";NA;"<a href=\"https://ifttt.com\" rel=\"nofollow\">IFTTT</a>";"MixtapesMemes";0;FALSE;FALSE;NA;NA;TRUE
"\"The girl behind you got a fatty\" #blackpeopletwitter https://t.co/AHKF8s99qA";FALSE;0;NA;2017-03-03 15:47:16;FALSE;NA;"837690846954799104";NA;"<a href=\"https://ifttt.com\" rel=\"nofollow\">IFTTT</a>";"niggaztweet";0;FALSE;FALSE;NA;NA;TRUE
"#memes #dankmemes #funny #Blackpeopletwitter https://t.co/8PgQwWqBrN";FALSE;0;NA;2017-03-03 15:10:08;FALSE;NA;"837681502032912384";NA;"<a href=\"http://dank.city\" rel=\"nofollow\">ChirpMemes</a>";"will_dankspeare";0;FALSE;FALSE;NA;NA;TRUE
"Looks better then ever https://t.co/5eqzY7r3P8 https://t.co/fUKzV6pmel";FALSE;0;NA;2017-03-03 14:57:20;FALSE;NA;"837678280622792704";NA;"<a href=\"https://dlvrit.com/\" rel=\"nofollow\">dlvr.it</a>";"ChrisTidder";0;FALSE;FALSE;NA;NA;TRUE
"Who does he think he is coughing in the house of the lord #blackpeopletwitter https://t.co/7hX0fLunBv";FALSE;0;NA;2017-03-03 14:57:09;FALSE;NA;"837678234552700928";NA;"<a href=\"https://ifttt.com\" rel=\"nofollow\">IFTTT</a>";"niggaztweet";0;FALSE;FALSE;NA;NA;TRUE
"On the lookout https://t.co/V9aeH8dBya https://t.co/Ec0Rvbt6Qq";FALSE;1;NA;2017-03-03 14:56:06;FALSE;NA;"837677973021081600";NA;"<a href=\"https://ifttt.com\" rel=\"nofollow\">IFTTT</a>";"MixtapesMemes";0;FALSE;FALSE;NA;NA;TRUE
"All in my feelings https://t.co/fTVtC1N9v0 https://t.co/Zl5P2rL6Dy";FALSE;0;NA;2017-03-03 14:46:26;FALSE;NA;"837675539204816896";NA;"<a href=\"https://ifttt.com\" rel=\"nofollow\">IFTTT</a>";"MixtapesMemes";0;FALSE;FALSE;NA;NA;TRUE
"#memes #dankmemes #funny #Blackpeopletwitter https://t.co/thnV5pOFGF";FALSE;0;NA;2017-03-03 14:35:21;FALSE;NA;"837672748801486848";NA;"<a href=\"http://dank.city\" rel=\"nofollow\">ChirpMemes</a>";"will_dankspeare";0;FALSE;FALSE;NA;NA;TRUE
"RT @redditBPT: Just Putin, don't pull out via /r/BlackPeopleTwitter https://t.co/wRdgWysQyi https://t.co/Hx6CrEIxT7";FALSE;0;NA;2017-03-03 14:21:30;FALSE;NA;"837669265381675008";NA;"<a href=\"http://twitter.com/download/android\" rel=\"nofollow\">Twitter for Android</a>";"reygnoso";4;TRUE;FALSE;NA;NA;TRUE
"Dick Dick Goose https://t.co/AtLrjFn2iN https://t.co/ThzTOdt32B";FALSE;0;NA;2017-03-03 14:16:36;FALSE;NA;"837668032910614528";NA;"<a href=\"https://ifttt.com\" rel=\"nofollow\">IFTTT</a>";"MixtapesMemes";0;FALSE;FALSE;NA;NA;TRUE
"\"We live in a post-racial America\" <ed><U+00A0><U+00BD><ed><U+00B8><U+0091> https://t.co/nvsKqSUZiv https://t.co/BuHzQoYNBb";FALSE;0;NA;2017-03-03 14:16:35;FALSE;NA;"837668026774351872";NA;"<a href=\"https://ifttt.com\" rel=\"nofollow\">IFTTT</a>";"MixtapesMemes";0;FALSE;FALSE;NA;NA;TRUE
"RT @redditBPT: New threat emerges via /r/BlackPeopleTwitter https://t.co/8JkYNdruDU https://t.co/T1w3SGU8z0";FALSE;0;NA;2017-03-03 14:01:22;FALSE;NA;"837664197274189824";NA;"<a href=\"http://twitter.com/download/android\" rel=\"nofollow\">Twitter for Android</a>";"SL_Turtle";11;TRUE;FALSE;NA;NA;TRUE
"Who does he think he is coughing in the house of the lord via /r/BlackPeopleTwitter https://t.co/WVKGkt7UEQ https://t.co/NathZUDGp5";FALSE;0;NA;2017-03-03 13:59:14;FALSE;NA;"837663663175712770";NA;"<a href=\"https://ifttt.com\" rel=\"nofollow\">IFTTT</a>";"IAmAllenBot";0;FALSE;FALSE;NA;NA;TRUE
"#memes #dankmemes #funny #Blackpeopletwitter https://t.co/1S47lMK0qo";FALSE;0;NA;2017-03-03 13:55:04;FALSE;NA;"837662613081325568";NA;"<a href=\"http://dank.city\" rel=\"nofollow\">ChirpMemes</a>";"will_dankspeare";0;FALSE;FALSE;NA;NA;TRUE
"I got a real good jazz collection at the crib via /r/BlackPeopleTwitter https://t.co/lXueC0thsJ https://t.co/5IoCaplYQJ";FALSE;6;NA;2017-03-03 13:52:50;FALSE;NA;"837662051581444096";NA;"<a href=\"https://ifttt.com\" rel=\"nofollow\">IFTTT</a>";"redditBPT";1;FALSE;FALSE;NA;NA;TRUE
"I got a real good jazz collection at the crib #blackpeopletwitter https://t.co/UgEYfRbi2g";FALSE;0;NA;2017-03-03 13:47:13;FALSE;NA;"837660638331678722";NA;"<a href=\"https://ifttt.com\" rel=\"nofollow\">IFTTT</a>";"niggaztweet";0;FALSE;FALSE;NA;NA;TRUE
"I got a real good jazz collection at the crib via /r/BlackPeopleTwitter https://t.co/o55xv8vEW6 https://t.co/0HLfldskOj";FALSE;0;NA;2017-03-03 13:22:10;FALSE;NA;"837654333428756480";NA;"<a href=\"https://ifttt.com\" rel=\"nofollow\">IFTTT</a>";"Peopletweetter";0;FALSE;FALSE;NA;NA;TRUE
"I got a real good jazz collection at the crib via /r/BlackPeopleTwitter https://t.co/c5PykeXwOg https://t.co/pPObQz23JF";FALSE;0;NA;2017-03-03 13:19:19;FALSE;NA;"837653617255530498";NA;"<a href=\"https://ifttt.com\" rel=\"nofollow\">IFTTT</a>";"IAmAllenBot";0;FALSE;FALSE;NA;NA;TRUE
"Looks better then ever #blackpeopletwitter https://t.co/ZPDunIW7qM";FALSE;0;NA;2017-03-03 13:02:22;FALSE;NA;"837649349542887424";NA;"<a href=\"https://ifttt.com\" rel=\"nofollow\">IFTTT</a>";"niggaztweet";0;FALSE;FALSE;NA;NA;TRUE
"Just Putin, don't pull out via /r/BlackPeopleTwitter https://t.co/tFwngQCtEu https://t.co/sZ6FwcwZKh";FALSE;0;NA;2017-03-03 12:59:18;FALSE;NA;"837648578201980928";NA;"<a href=\"https://ifttt.com\" rel=\"nofollow\">IFTTT</a>";"IAmAllenBot";0;FALSE;FALSE;NA;NA;TRUE
"Looks better then ever via /r/BlackPeopleTwitter https://t.co/5dGTwWyDMx https://t.co/WppmOfDQg2";FALSE;0;NA;2017-03-03 12:59:17;FALSE;NA;"837648572929691648";NA;"<a href=\"https://ifttt.com\" rel=\"nofollow\">IFTTT</a>";"IAmAllenBot";0;FALSE;FALSE;NA;NA;TRUE
"#memes #dankmemes #funny #Blackpeopletwitter https://t.co/3NzI719qrS";FALSE;1;NA;2017-03-03 12:45:05;FALSE;NA;"837645000330653696";NA;"<a href=\"http://dank.city\" rel=\"nofollow\">ChirpMemes</a>";"will_dankspeare";0;FALSE;FALSE;NA;NA;TRUE
"Looks better then ever via /r/BlackPeopleTwitter https://t.co/Ah0PNCeYFf https://t.co/t0YLVZNsOg";FALSE;0;NA;2017-03-03 12:42:28;FALSE;NA;"837644342198169600";NA;"<a href=\"https://ifttt.com\" rel=\"nofollow\">IFTTT</a>";"Peopletweetter";0;FALSE;FALSE;NA;NA;TRUE
"RT @redditBPT: Space XXX via /r/BlackPeopleTwitter https://t.co/58jczmPU0W https://t.co/8Xxo5XXhmn";FALSE;0;NA;2017-03-03 12:35:08;FALSE;NA;"837642497316777984";NA;"<a href=\"http://twitter.com/download/iphone\" rel=\"nofollow\">Twitter for iPhone</a>";"saforem2";4;TRUE;FALSE;NA;NA;TRUE
"Looks better then ever via /r/BlackPeopleTwitter https://t.co/PtKlC2jOsv https://t.co/rMhyxEoTY0";FALSE;8;NA;2017-03-03 12:32:14;FALSE;NA;"837641765406519296";NA;"<a href=\"https://ifttt.com\" rel=\"nofollow\">IFTTT</a>";"redditBPT";5;FALSE;FALSE;NA;NA;TRUE
"#memes #dankmemes #funny #Blackpeopletwitter https://t.co/7felDDNJ73";FALSE;0;NA;2017-03-03 12:20:03;FALSE;NA;"837638700691501060";NA;"<a href=\"http://dank.city\" rel=\"nofollow\">ChirpMemes</a>";"will_dankspeare";0;FALSE;FALSE;NA;NA;TRUE
"#memes #dankmemes #funny #Blackpeopletwitter https://t.co/Xw3HMvcNJI";FALSE;0;NA;2017-03-03 12:15:06;FALSE;NA;"837637456958799872";NA;"<a href=\"http://dank.city\" rel=\"nofollow\">ChirpMemes</a>";"will_dankspeare";0;FALSE;FALSE;NA;NA;TRUE
"Only $99999 per gallon https://t.co/dp0sPcX2St https://t.co/kBnaI9TWKO";FALSE;0;NA;2017-03-03 12:11:28;FALSE;NA;"837636540239130624";NA;"<a href=\"https://ifttt.com\" rel=\"nofollow\">IFTTT</a>";"MixtapesMemes";0;FALSE;FALSE;NA;NA;TRUE
"Just Putin, don't pull out via /r/BlackPeopleTwitter https://t.co/wRdgWysQyi https://t.co/Hx6CrEIxT7";FALSE;11;NA;2017-03-03 11:52:09;FALSE;NA;"837631678633938944";NA;"<a href=\"https://ifttt.com\" rel=\"nofollow\">IFTTT</a>";"redditBPT";4;FALSE;FALSE;NA;NA;TRUE
"Just Putin, don't pull out via /r/BlackPeopleTwitter https://t.co/Me2cqHsVKD https://t.co/8wIvskOBjM";FALSE;0;NA;2017-03-03 11:27:16;FALSE;NA;"837625418995937280";NA;"<a href=\"https://ifttt.com\" rel=\"nofollow\">IFTTT</a>";"Peopletweetter";0;FALSE;FALSE;NA;NA;TRUE
"Who does he think he is coughing in the house of the lord https://t.co/hypnuNSyVP https://t.co/RPS7S4ymVw";FALSE;0;NA;2017-03-03 11:21:28;FALSE;NA;"837623956953780224";NA;"<a href=\"https://ifttt.com\" rel=\"nofollow\">IFTTT</a>";"MixtapesMemes";0;FALSE;FALSE;NA;NA;TRUE
"#memes #dankmemes #funny #Blackpeopletwitter https://t.co/aLmbP5ybNB";FALSE;0;NA;2017-03-03 11:15:03;FALSE;NA;"837622342293598210";NA;"<a href=\"http://dank.city\" rel=\"nofollow\">ChirpMemes</a>";"will_dankspeare";0;FALSE;FALSE;NA;NA;TRUE
"Mah dick via /r/BlackPeopleTwitter https://t.co/hUfW3eqGHG https://t.co/sfNmMJldLQ";FALSE;0;NA;2017-03-03 10:57:16;FALSE;NA;"837617869345206272";NA;"<a href=\"https://ifttt.com\" rel=\"nofollow\">IFTTT</a>";"Peopletweetter";0;FALSE;FALSE;NA;NA;TRUE
"I'd love to be a part of one someday via /r/BlackPeopleTwitter https://t.co/UdIOWWjNsL https://t.co/IkCB6xTGyS";FALSE;2;NA;2017-03-03 10:52:07;FALSE;NA;"837616570688028672";NA;"<a href=\"https://ifttt.com\" rel=\"nofollow\">IFTTT</a>";"redditBPT";1;FALSE;FALSE;NA;NA;TRUE
"\"The girl behind you got a fatty\" https://t.co/66vvPRaWXv https://t.co/FJwS8Mei9S";FALSE;1;NA;2017-03-03 10:41:14;FALSE;NA;"837613834223386624";NA;"<a href=\"https://ifttt.com\" rel=\"nofollow\">IFTTT</a>";"MixtapesMemes";0;FALSE;FALSE;NA;NA;TRUE
"#memes #dankmemes #funny #Blackpeopletwitter https://t.co/oZAcxnvv3n";FALSE;0;NA;2017-03-03 10:40:09;FALSE;NA;"837613558577905664";NA;"<a href=\"http://dank.city\" rel=\"nofollow\">ChirpMemes</a>";"will_dankspeare";0;FALSE;FALSE;NA;NA;TRUE
"I'd love to be a part of one someday #blackpeopletwitter https://t.co/TSJ6Pmhstc";FALSE;0;NA;2017-03-03 10:38:32;FALSE;NA;"837613152070139906";NA;"<a href=\"https://ifttt.com\" rel=\"nofollow\">IFTTT</a>";"niggaztweet";0;FALSE;FALSE;NA;NA;TRUE
"#memes #dankmemes #funny #Blackpeopletwitter https://t.co/sAiZ5Octkd";FALSE;0;NA;2017-03-03 10:00:03;FALSE;NA;"837603468860862464";NA;"<a href=\"http://dank.city\" rel=\"nofollow\">ChirpMemes</a>";"will_dankspeare";0;FALSE;FALSE;NA;NA;TRUE
"Space XXX https://t.co/D3KgZBPYSg https://t.co/HdQgEIbx6v";FALSE;0;NA;2017-03-03 09:18:18;FALSE;NA;"837592962510921728";NA;"<a href=\"https://dlvrit.com/\" rel=\"nofollow\">dlvr.it</a>";"kwiallus";0;FALSE;FALSE;NA;NA;TRUE
"Mah dick #blackpeopletwitter https://t.co/d6yICb84y8";FALSE;0;NA;2017-03-03 08:57:06;FALSE;NA;"837587628639805440";NA;"<a href=\"https://ifttt.com\" rel=\"nofollow\">IFTTT</a>";"niggaztweet";0;FALSE;FALSE;NA;NA;TRUE
"He's not lying tho #blackpeopletwitter https://t.co/vHRc8vl6wa";FALSE;0;NA;2017-03-03 08:57:05;FALSE;NA;"837587622440620032";NA;"<a href=\"https://ifttt.com\" rel=\"nofollow\">IFTTT</a>";"niggaztweet";0;FALSE;FALSE;NA;NA;TRUE
"RT @redditBPT: He's not lying tho via /r/BlackPeopleTwitter https://t.co/HGbbaEf7wp https://t.co/P0M0eqohOq";FALSE;0;NA;2017-03-03 08:33:23;FALSE;NA;"837581656793894912";NA;"<a href=\"http://twitter.com/download/iphone\" rel=\"nofollow\">Twitter for iPhone</a>";"XunDigital";3;TRUE;FALSE;NA;NA;TRUE
"RT @redditBPT: y'all, i apologize. via /r/BlackPeopleTwitter https://t.co/LlI9RWuIHr https://t.co/bEXOIW0SgR";FALSE;0;NA;2017-03-03 08:27:59;FALSE;NA;"837580299999510528";NA;"<a href=\"http://twitter.com\" rel=\"nofollow\">Twitter Web Client</a>";"adamjjr94";4;TRUE;FALSE;NA;NA;TRUE
"When you baked AF https://t.co/4dxh1Z4jPa https://t.co/ssYXiKJRX3";FALSE;0;NA;2017-03-03 08:21:17;FALSE;NA;"837578612924645376";NA;"<a href=\"https://ifttt.com\" rel=\"nofollow\">IFTTT</a>";"MixtapesMemes";0;FALSE;FALSE;NA;NA;TRUE
"Mah dick via /r/BlackPeopleTwitter https://t.co/YMcKvRpOgt https://t.co/7ADlz1Ioj3";FALSE;1;NA;2017-03-03 08:14:21;FALSE;NA;"837576866777149440";NA;"<a href=\"https://ifttt.com\" rel=\"nofollow\">IFTTT</a>";"IAmAllenBot";0;FALSE;FALSE;NA;NA;TRUE
"He's not lying tho via /r/BlackPeopleTwitter https://t.co/HGbbaEf7wp https://t.co/P0M0eqohOq";FALSE;12;NA;2017-03-03 08:12:22;FALSE;NA;"837576370666491906";NA;"<a href=\"https://ifttt.com\" rel=\"nofollow\">IFTTT</a>";"redditBPT";3;FALSE;FALSE;NA;NA;TRUE
"If a mf got $2 more dollars then me, I'm suing you. https://t.co/2XrUsgMLEW https://t.co/sLs7Tx9zdp";FALSE;0;NA;2017-03-03 08:11:24;FALSE;NA;"837576124418904064";NA;"<a href=\"https://ifttt.com\" rel=\"nofollow\">IFTTT</a>";"MixtapesMemes";0;FALSE;FALSE;NA;NA;TRUE
"#memes #dankmemes #funny #Blackpeopletwitter https://t.co/JFksCKLjL2";FALSE;0;NA;2017-03-03 08:00:04;FALSE;NA;"837573271960838144";NA;"<a href=\"http://dank.city\" rel=\"nofollow\">ChirpMemes</a>";"will_dankspeare";0;FALSE;FALSE;NA;NA;TRUE
"Looks better then ever https://t.co/Xb3ey99qyO https://t.co/K96Ipm49Oy";FALSE;0;NA;2017-03-03 07:41:11;FALSE;NA;"837568523719299072";NA;"<a href=\"https://ifttt.com\" rel=\"nofollow\">IFTTT</a>";"MixtapesMemes";0;FALSE;FALSE;NA;NA;TRUE
"Yea... about that... https://t.co/aWjD5L4isd https://t.co/F2QnjIw2H0";FALSE;0;NA;2017-03-03 07:41:10;FALSE;NA;"837568518317047808";NA;"<a href=\"https://ifttt.com\" rel=\"nofollow\">IFTTT</a>";"MixtapesMemes";0;FALSE;FALSE;NA;NA;TRUE
"I got a real good jazz collection at the crib https://t.co/ZOxcx5dPuB https://t.co/Iot13QZjNI";FALSE;0;NA;2017-03-03 07:31:33;FALSE;NA;"837566098778308608";NA;"<a href=\"https://ifttt.com\" rel=\"nofollow\">IFTTT</a>";"MixtapesMemes";0;FALSE;FALSE;NA;NA;TRUE
"Taxes ain't no joke https://t.co/SEEZwW5cOm https://t.co/Mi9WwVDkLr";FALSE;1;NA;2017-03-03 07:21:08;FALSE;NA;"837563477074010114";NA;"<a href=\"https://ifttt.com\" rel=\"nofollow\">IFTTT</a>";"MixtapesMemes";0;FALSE;FALSE;NA;NA;TRUE
"He's not lying tho via /r/BlackPeopleTwitter https://t.co/1k0Eg7Pban https://t.co/lTdPW8FrPf";FALSE;0;NA;2017-03-03 07:14:28;FALSE;NA;"837561796697300992";NA;"<a href=\"https://ifttt.com\" rel=\"nofollow\">IFTTT</a>";"IAmAllenBot";0;FALSE;FALSE;NA;NA;TRUE
"He's not lying tho via /r/BlackPeopleTwitter https://t.co/6kqPq4td0G https://t.co/5ofoGPLy4T";FALSE;0;NA;2017-03-03 07:12:24;FALSE;NA;"837561277287399424";NA;"<a href=\"https://ifttt.com\" rel=\"nofollow\">IFTTT</a>";"Peopletweetter";0;FALSE;FALSE;NA;NA;TRUE
"Stop, drop top and roll https://t.co/InZRkGHT59 via @reddit";FALSE;0;NA;2017-03-03 07:11:10;FALSE;NA;"837560969643511808";NA;"<a href=\"http://twitter.com\" rel=\"nofollow\">Twitter Web Client</a>";"Lickwidsoap";0;FALSE;FALSE;NA;NA;TRUE
"Space XXX https://t.co/jDmelwYu5M https://t.co/uppTbfYbuk";FALSE;0;NA;2017-03-03 06:59:13;FALSE;NA;"837557959441854464";NA;"<a href=\"https://dlvrit.com/\" rel=\"nofollow\">dlvr.it</a>";"ireddit";0;FALSE;FALSE;NA;NA;TRUE
"Space XXX https://t.co/8InlD7bl7L #reddit https://t.co/UJBpKMHTKA";FALSE;0;NA;2017-03-03 06:59:08;FALSE;NA;"837557941259534336";NA;"<a href=\"https://dlvrit.com/\" rel=\"nofollow\">dlvr.it</a>";"ireddit";0;FALSE;FALSE;NA;NA;TRUE
"Space XXX https://t.co/ICaDYtE9u1 https://t.co/mHLBPnDIxw";FALSE;0;NA;2017-03-03 06:38:21;FALSE;NA;"837552708492001280";NA;"<a href=\"https://dlvrit.com/\" rel=\"nofollow\">dlvr.it</a>";"ChrisTidder";0;FALSE;FALSE;NA;NA;TRUE
"Space XXX https://t.co/Zju1KuDZTH";FALSE;0;NA;2017-03-03 06:37:16;FALSE;NA;"837552437288284162";NA;"<a href=\"https://ifttt.com\" rel=\"nofollow\">IFTTT</a>";"DamiensHeart";0;FALSE;FALSE;NA;NA;TRUE
"@zachsleung What is looking through blackpeopletwitter";FALSE;0;"zachsleung";2017-03-03 06:09:12;FALSE;"837537704661278721";"837545375049211904";"788351515723337729";"<a href=\"http://twitter.com/download/iphone\" rel=\"nofollow\">Twitter for iPhone</a>";"samshatsky";0;FALSE;FALSE;NA;NA;TRUE
"(K)Nighthood (x-post /r/BlackPeopleTwitter) https://t.co/q0XkzuOicB";FALSE;0;NA;2017-03-03 06:01:22;FALSE;NA;"837543400538660864";NA;"<a href=\"http://www.none.com\" rel=\"nofollow\">MemeATron5000</a>";"MemeATron5000";0;FALSE;FALSE;NA;NA;TRUE
"@liluzitard @skrongmeat_ blackpeopletwitter";FALSE;0;"liluzitard";2017-03-03 05:43:02;FALSE;"837533502660751361";"837538788842745860";"801556307127967744";"<a href=\"http://twitter.com/download/iphone\" rel=\"nofollow\">Twitter for iPhone</a>";"ForbesListJr";0;FALSE;FALSE;NA;NA;TRUE
"RT @will_dankspeare: #memes #dankmemes #funny #Blackpeopletwitter https://t.co/0p7a2c19UD";FALSE;0;NA;2017-03-03 05:35:30;FALSE;NA;"837536890894999552";NA;"<a href=\"http://twitter.com/download/android\" rel=\"nofollow\">Twitter for Android</a>";"JustNope30";1;TRUE;FALSE;NA;NA;TRUE
"#memes #dankmemes #funny #Blackpeopletwitter https://t.co/0p7a2c19UD";FALSE;3;NA;2017-03-03 05:35:10;FALSE;NA;"837536807789088768";NA;"<a href=\"http://dank.city\" rel=\"nofollow\">ChirpMemes</a>";"will_dankspeare";1;FALSE;FALSE;NA;NA;TRUE
"I'd love to be a part of one someday https://t.co/4H0pr38O0z https://t.co/58ZCRBrtZp";FALSE;0;NA;2017-03-03 05:31:46;FALSE;NA;"837535952499154946";NA;"<a href=\"https://ifttt.com\" rel=\"nofollow\">IFTTT</a>";"MixtapesMemes";0;FALSE;FALSE;NA;NA;TRUE
"RT @redditBPT: Space XXX via /r/BlackPeopleTwitter https://t.co/58jczmPU0W https://t.co/8Xxo5XXhmn";FALSE;0;NA;2017-03-03 05:21:52;FALSE;NA;"837533461560737792";NA;"<a href=\"http://twitter.com/download/iphone\" rel=\"nofollow\">Twitter for iPhone</a>";"JF4bes";4;TRUE;FALSE;NA;NA;TRUE
"issa gramps https://t.co/b7bNTeYwaD https://t.co/RNX0hjJKLv";FALSE;0;NA;2017-03-03 05:20:34;FALSE;NA;"837533134354702336";NA;"<a href=\"https://ifttt.com\" rel=\"nofollow\">IFTTT</a>";"MixtapesMemes";0;FALSE;FALSE;NA;NA;TRUE
"Space XXX via /r/BlackPeopleTwitter https://t.co/58jczmPU0W https://t.co/8Xxo5XXhmn";FALSE;18;NA;2017-03-03 05:07:17;FALSE;NA;"837529792090034176";NA;"<a href=\"https://ifttt.com\" rel=\"nofollow\">IFTTT</a>";"redditBPT";4;FALSE;FALSE;NA;NA;TRUE
"RT @redditBPT: The struggle dating crazy via /r/BlackPeopleTwitter https://t.co/lvmz5Ccp5s https://t.co/4GO5869VGp";FALSE;0;NA;2017-03-03 04:28:06;FALSE;NA;"837519931486908416";NA;"<a href=\"http://twitter.com/download/iphone\" rel=\"nofollow\">Twitter for iPhone</a>";"NotChrisRyan";8;TRUE;FALSE;NA;NA;TRUE
"y'all, i apologize. #blackpeopletwitter https://t.co/uMThjXJyxz";FALSE;0;NA;2017-03-03 04:17:10;FALSE;NA;"837517179675357184";NA;"<a href=\"https://ifttt.com\" rel=\"nofollow\">IFTTT</a>";"niggaztweet";0;FALSE;FALSE;NA;NA;TRUE
"#memes #dankmemes #funny #Blackpeopletwitter https://t.co/hw5fVUdIke";FALSE;0;NA;2017-03-03 03:55:05;FALSE;NA;"837511623501819906";NA;"<a href=\"http://dank.city\" rel=\"nofollow\">ChirpMemes</a>";"will_dankspeare";0;FALSE;FALSE;NA;NA;TRUE
"y'all, i apologize. via /r/BlackPeopleTwitter https://t.co/OngaLxsgPm https://t.co/AjnsO12sI9";FALSE;0;NA;2017-03-03 03:49:20;FALSE;NA;"837510172683735040";NA;"<a href=\"https://ifttt.com\" rel=\"nofollow\">IFTTT</a>";"IAmAllenBot";0;FALSE;FALSE;NA;NA;TRUE
"y'all, i apologize. via /r/BlackPeopleTwitter https://t.co/LlI9RWuIHr https://t.co/bEXOIW0SgR";FALSE;7;NA;2017-03-03 03:47:18;FALSE;NA;"837509661301620736";NA;"<a href=\"https://ifttt.com\" rel=\"nofollow\">IFTTT</a>";"redditBPT";4;FALSE;FALSE;NA;NA;TRUE
"*Stirs orange-juice filled cup of tea* via /r/BlackPeopleTwitter https://t.co/qoUenuU4MA https://t.co/SOyMZ8gnUg";FALSE;13;NA;2017-03-03 03:47:16;FALSE;NA;"837509656025137154";NA;"<a href=\"https://ifttt.com\" rel=\"nofollow\">IFTTT</a>";"redditBPT";1;FALSE;FALSE;NA;NA;TRUE
"Uber stay f*ckin with me https://t.co/kTecgy3evw https://t.co/Z6334h7NhC";FALSE;0;NA;2017-03-03 03:46:18;FALSE;NA;"837509411941793792";NA;"<a href=\"https://ifttt.com\" rel=\"nofollow\">IFTTT</a>";"MixtapesMemes";0;FALSE;FALSE;NA;NA;TRUE
"RT @redditBPT: Get ready for the ass-whooping of a lifetime via /r/BlackPeopleTwitter https://t.co/1AL1wKvH9P https://t.co/xaATw2OK3U";FALSE;0;NA;2017-03-03 03:38:41;FALSE;NA;"837507495081828352";NA;"<a href=\"http://tapbots.com/tweetbot\" rel=\"nofollow\">Tweetbot for i<U+039F>S</a>";"Bvttousai";3;TRUE;FALSE;NA;NA;TRUE
"Just Putin, don't pull out https://t.co/K20Qo2gGBR https://t.co/Xz0E22wkN6";FALSE;0;NA;2017-03-03 03:21:10;FALSE;NA;"837503084792328192";NA;"<a href=\"https://ifttt.com\" rel=\"nofollow\">IFTTT</a>";"MixtapesMemes";0;FALSE;FALSE;NA;NA;TRUE
"Conservatives irl https://t.co/eeBJsW2ZWP https://t.co/eTtheQpWlQ";FALSE;0;NA;2017-03-03 03:06:47;FALSE;NA;"837499466420629504";NA;"<a href=\"https://dlvrit.com/\" rel=\"nofollow\">dlvr.it</a>";"ireddit";0;FALSE;FALSE;NA;NA;TRUE
"Conservatives irl https://t.co/ngiZvCjllJ #reddit https://t.co/sdLQUn4gyV";FALSE;0;NA;2017-03-03 03:06:41;FALSE;NA;"837499441900728320";NA;"<a href=\"https://dlvrit.com/\" rel=\"nofollow\">dlvr.it</a>";"ireddit";0;FALSE;FALSE;NA;NA;TRUE
"Space XXX https://t.co/1TfBoK0Gz9 https://t.co/uaYpTbahMC";FALSE;0;NA;2017-03-03 03:01:31;FALSE;NA;"837498140496388096";NA;"<a href=\"https://ifttt.com\" rel=\"nofollow\">IFTTT</a>";"MixtapesMemes";0;FALSE;FALSE;NA;NA;TRUE
"At least he's not double parking https://t.co/XO5GTGDNtQ https://t.co/TdZ3qbVAaP";FALSE;0;NA;2017-03-03 02:51:18;FALSE;NA;"837495572064002048";NA;"<a href=\"https://ifttt.com\" rel=\"nofollow\">IFTTT</a>";"MixtapesMemes";0;FALSE;FALSE;NA;NA;TRUE
"Conservatives irl https://t.co/zTIX7SOhfs https://t.co/jc3dz26oW9";FALSE;0;NA;2017-03-03 02:50:26;FALSE;NA;"837495350445375490";NA;"<a href=\"https://ifttt.com\" rel=\"nofollow\">IFTTT</a>";"thur5day";0;FALSE;FALSE;NA;NA;TRUE
"Conservatives irl https://t.co/CeGCgnWAOR https://t.co/28RzKEa0MN";FALSE;0;NA;2017-03-03 02:49:39;FALSE;NA;"837495155963781120";NA;"<a href=\"https://dlvrit.com/\" rel=\"nofollow\">dlvr.it</a>";"ChrisTidder";0;FALSE;FALSE;NA;NA;TRUE
"*Stirs orange-juice filled cup of tea* via /r/BlackPeopleTwitter https://t.co/u8wG38kWJj https://t.co/AqkK9W1Kog";FALSE;0;NA;2017-03-03 02:49:08;FALSE;NA;"837495026045308928";NA;"<a href=\"https://ifttt.com\" rel=\"nofollow\">IFTTT</a>";"IAmAllenBot";0;FALSE;FALSE;NA;NA;TRUE
"Conservatives irl https://t.co/qI9eM6ZKLs";FALSE;0;NA;2017-03-03 02:47:24;FALSE;NA;"837494587832811520";NA;"<a href=\"https://ifttt.com\" rel=\"nofollow\">IFTTT</a>";"DamiensHeart";0;FALSE;FALSE;NA;NA;TRUE
"#memes #dankmemes #funny #Blackpeopletwitter https://t.co/YX5pNSjShB";FALSE;0;NA;2017-03-03 02:45:09;FALSE;NA;"837494021291376640";NA;"<a href=\"http://dank.city\" rel=\"nofollow\">ChirpMemes</a>";"will_dankspeare";0;FALSE;FALSE;NA;NA;TRUE
"Stay in school y'all via /r/BlackPeopleTwitter https://t.co/smcCL3Qgkq https://t.co/o0qY5CYr2q";FALSE;10;NA;2017-03-03 02:07:24;FALSE;NA;"837484523633930240";NA;"<a href=\"https://ifttt.com\" rel=\"nofollow\">IFTTT</a>";"redditBPT";3;FALSE;FALSE;NA;NA;TRUE
"Stop, drop top and roll https://t.co/6ADIqPeFRy https://t.co/W1qM1MNkjN";FALSE;0;NA;2017-03-03 02:06:21;FALSE;NA;"837484256473526272";NA;"<a href=\"https://ifttt.com\" rel=\"nofollow\">IFTTT</a>";"MixtapesMemes";0;FALSE;FALSE;NA;NA;TRUE
"Omg dude i made it on r/blackpeopletwitter im stoked <ed><U+00A0><U+00BD><ed><U+00B8><U+0081>";FALSE;0;NA;2017-03-03 01:59:10;FALSE;NA;"837482452448858112";NA;"<a href=\"http://twitter.com/download/android\" rel=\"nofollow\">Twitter for Android</a>";"Uniqo_Williams";0;FALSE;FALSE;NA;NA;TRUE
"#memes #dankmemes #funny #Blackpeopletwitter https://t.co/hLdD3iLqYR";FALSE;0;NA;2017-03-03 01:45:03;FALSE;NA;"837478897604308992";NA;"<a href=\"http://dank.city\" rel=\"nofollow\">ChirpMemes</a>";"will_dankspeare";0;FALSE;FALSE;NA;NA;TRUE
"Selfie Level: Non-Treasonous https://t.co/DYhnocYn5F https://t.co/7oR5tv3XgV";FALSE;0;NA;2017-03-03 01:36:15;FALSE;NA;"837476683850604548";NA;"<a href=\"https://ifttt.com\" rel=\"nofollow\">IFTTT</a>";"MixtapesMemes";0;FALSE;FALSE;NA;NA;TRUE
"Skipped the 40 acres, went straight for the mule https://t.co/u1dXHNtMFZ https://t.co/fAVBDSWpYL";FALSE;0;NA;2017-03-03 01:36:14;FALSE;NA;"837476678930690048";NA;"<a href=\"https://ifttt.com\" rel=\"nofollow\">IFTTT</a>";"MixtapesMemes";0;FALSE;FALSE;NA;NA;TRUE
"Bear fruit https://t.co/ndy4tqDI58 https://t.co/099KXEEcXi";FALSE;0;NA;2017-03-02 23:53:21;FALSE;NA;"837450787714297856";NA;"<a href=\"https://dlvrit.com/\" rel=\"nofollow\">dlvr.it</a>";"ireddit";0;FALSE;FALSE;NA;NA;TRUE
"Bear fruit https://t.co/NQOf52Lj7d https://t.co/HtwuVNsrdD";FALSE;0;NA;2017-03-02 23:53:18;FALSE;NA;"837450773155893248";NA;"<a href=\"https://dlvrit.com/\" rel=\"nofollow\">dlvr.it</a>";"wwwepiroid";0;FALSE;FALSE;NA;NA;TRUE
"Bear fruit https://t.co/gOin54BzSd #reddit https://t.co/SadY0cwRYC";FALSE;0;NA;2017-03-02 23:53:17;FALSE;NA;"837450770022723584";NA;"<a href=\"https://dlvrit.com/\" rel=\"nofollow\">dlvr.it</a>";"ireddit";0;FALSE;FALSE;NA;NA;TRUE
"Bear fruit https://t.co/kmjbmbXzJl https://t.co/Zlkg6nyLHI";FALSE;0;NA;2017-03-02 23:51:08;FALSE;NA;"837450230668935168";NA;"<a href=\"https://ifttt.com\" rel=\"nofollow\">IFTTT</a>";"thur5day";0;FALSE;FALSE;NA;NA;TRUE
"Excuse me? https://t.co/YwHGOOjB5G https://t.co/i0oVo4rYnt";FALSE;0;NA;2017-03-02 23:46:32;FALSE;NA;"837449072067948544";NA;"<a href=\"https://ifttt.com\" rel=\"nofollow\">IFTTT</a>";"MixtapesMemes";0;FALSE;FALSE;NA;NA;TRUE
"Conservatives irl via /r/BlackPeopleTwitter https://t.co/ucXwUX09Cq https://t.co/ep1Ky4QF87";FALSE;9;NA;2017-03-02 23:42:20;FALSE;NA;"837448013207457794";NA;"<a href=\"https://ifttt.com\" rel=\"nofollow\">IFTTT</a>";"redditBPT";2;FALSE;FALSE;NA;NA;TRUE
"Get ready for the ass-whooping of a lifetime via /r/BlackPeopleTwitter https://t.co/1AL1wKvH9P https://t.co/xaATw2OK3U";FALSE;10;NA;2017-03-02 23:42:18;FALSE;NA;"837448007788466178";NA;"<a href=\"https://ifttt.com\" rel=\"nofollow\">IFTTT</a>";"redditBPT";3;FALSE;FALSE;NA;NA;TRUE
"Conservatives irl via /r/BlackPeopleTwitter https://t.co/2hMVf15CuT https://t.co/V6Mzuyv7gv";FALSE;0;NA;2017-03-02 23:27:23;FALSE;NA;"837444250958692352";NA;"<a href=\"https://ifttt.com\" rel=\"nofollow\">IFTTT</a>";"Peopletweetter";0;FALSE;FALSE;NA;NA;TRUE
"Conservatives irl #blackpeopletwitter https://t.co/qa1Hf83ZWP";FALSE;0;NA;2017-03-02 23:12:04;FALSE;NA;"837440397936852992";NA;"<a href=\"https://ifttt.com\" rel=\"nofollow\">IFTTT</a>";"niggaztweet";0;FALSE;FALSE;NA;NA;TRUE
"Get ready for the ass-whooping of a lifetime via /r/BlackPeopleTwitter https://t.co/vMkR7KOxr0 https://t.co/m1U7dqY2n8";FALSE;0;NA;2017-03-02 23:02:17;FALSE;NA;"837437934890541060";NA;"<a href=\"https://ifttt.com\" rel=\"nofollow\">IFTTT</a>";"Peopletweetter";0;FALSE;FALSE;NA;NA;TRUE
"Mah dick https://t.co/e1s7hEA5az https://t.co/P83vojwqKn";FALSE;0;NA;2017-03-02 22:56:09;FALSE;NA;"837436393643208704";NA;"<a href=\"https://ifttt.com\" rel=\"nofollow\">IFTTT</a>";"MixtapesMemes";0;FALSE;FALSE;NA;NA;TRUE
"Who's mans is this? https://t.co/5qPmtHS3HC https://t.co/cn28JYRAKe";FALSE;0;NA;2017-03-02 22:46:04;FALSE;NA;"837433853446918144";NA;"<a href=\"https://ifttt.com\" rel=\"nofollow\">IFTTT</a>";"MixtapesMemes";0;FALSE;FALSE;NA;NA;TRUE
"Heart matters. [x-post from /r/BlackPeopleTwitter] https://t.co/xe1YNxtfRS";FALSE;1;NA;2017-03-02 22:42:37;FALSE;NA;"837432987163705350";NA;"<a href=\"https://www.google.com/\" rel=\"nofollow\">asdfdsfsadf</a>";"Humor_Workout";0;FALSE;FALSE;NA;NA;TRUE
"Get Outta here with that logic via /r/BlackPeopleTwitter https://t.co/Fd4zGJmxoT https://t.co/RCyv2u23X1";FALSE;0;NA;2017-03-02 22:07:21;FALSE;NA;"837424110812659714";NA;"<a href=\"https://ifttt.com\" rel=\"nofollow\">IFTTT</a>";"Peopletweetter";0;FALSE;FALSE;NA;NA;TRUE
"#memes #dankmemes #funny #Blackpeopletwitter https://t.co/1sGLVJ3OYG";FALSE;0;NA;2017-03-02 21:50:08;FALSE;NA;"837419778792910850";NA;"<a href=\"http://dank.city\" rel=\"nofollow\">ChirpMemes</a>";"will_dankspeare";0;FALSE;FALSE;NA;NA;TRUE
"Get Outta here with that logic via /r/BlackPeopleTwitter https://t.co/ebsOA9c0te https://t.co/cQfuf30p0r";FALSE;0;NA;2017-03-02 21:42:26;FALSE;NA;"837417841863323648";NA;"<a href=\"https://ifttt.com\" rel=\"nofollow\">IFTTT</a>";"redditBPT";1;FALSE;FALSE;NA;NA;TRUE
"Get Outta here with that logic #blackpeopletwitter https://t.co/yu62YLMvjJ";FALSE;0;NA;2017-03-02 21:42:10;FALSE;NA;"837417773059932160";NA;"<a href=\"https://ifttt.com\" rel=\"nofollow\">IFTTT</a>";"niggaztweet";0;FALSE;FALSE;NA;NA;TRUE
"Conservatives irl https://t.co/xoEF3Gid6V https://t.co/Wry1z8zi3f";FALSE;0;NA;2017-03-02 21:26:19;FALSE;NA;"837413784037830658";NA;"<a href=\"https://ifttt.com\" rel=\"nofollow\">IFTTT</a>";"MixtapesMemes";0;FALSE;FALSE;NA;NA;TRUE
"#memes #dankmemes #funny #Blackpeopletwitter https://t.co/wI1oiJqJCW";FALSE;0;NA;2017-03-02 21:05:08;FALSE;NA;"837408456281849858";NA;"<a href=\"http://dank.city\" rel=\"nofollow\">ChirpMemes</a>";"will_dankspeare";0;FALSE;FALSE;NA;NA;TRUE
"#memes #dankmemes #funny #Blackpeopletwitter https://t.co/s8TurpQEYq";FALSE;0;NA;2017-03-02 20:55:03;FALSE;NA;"837405917897453572";NA;"<a href=\"http://dank.city\" rel=\"nofollow\">ChirpMemes</a>";"will_dankspeare";0;FALSE;FALSE;NA;NA;TRUE
"One way to get your name out there via /r/BlackPeopleTwitter https://t.co/ICA4vgWOUw https://t.co/yI4a2CNBkr";FALSE;0;NA;2017-03-02 20:52:04;FALSE;NA;"837405165149949952";NA;"<a href=\"https://ifttt.com\" rel=\"nofollow\">IFTTT</a>";"Peopletweetter";0;FALSE;FALSE;NA;NA;TRUE
"#memes #dankmemes #funny #Blackpeopletwitter https://t.co/gUahfHFnyV";FALSE;0;NA;2017-03-02 20:45:05;FALSE;NA;"837403406990000130";NA;"<a href=\"http://dank.city\" rel=\"nofollow\">ChirpMemes</a>";"will_dankspeare";0;FALSE;FALSE;NA;NA;TRUE
"Stay Woke Brothers https://t.co/LsEoNOPbSH https://t.co/idqSbDxCTm";FALSE;0;NA;2017-03-02 20:41:46;FALSE;NA;"837402575959810048";NA;"<a href=\"https://ifttt.com\" rel=\"nofollow\">IFTTT</a>";"MixtapesMemes";0;FALSE;FALSE;NA;NA;TRUE
"They call me king via /r/BlackPeopleTwitter https://t.co/B4TmZLQYd7 https://t.co/6TM3VpH2Sb";FALSE;0;NA;2017-03-02 20:39:12;FALSE;NA;"837401928841719808";NA;"<a href=\"https://ifttt.com\" rel=\"nofollow\">IFTTT</a>";"IAmAllenBot";0;FALSE;FALSE;NA;NA;TRUE
"They call me king #blackpeopletwitter https://t.co/XQEpm5af91";FALSE;0;NA;2017-03-02 20:37:11;FALSE;NA;"837401419753881600";NA;"<a href=\"https://ifttt.com\" rel=\"nofollow\">IFTTT</a>";"niggaztweet";0;FALSE;FALSE;NA;NA;TRUE
"They call me king via /r/BlackPeopleTwitter https://t.co/ZzDllvvmyh https://t.co/akTZQRnQdu";FALSE;0;NA;2017-03-02 20:22:19;FALSE;NA;"837397680859013120";NA;"<a href=\"https://ifttt.com\" rel=\"nofollow\">IFTTT</a>";"Peopletweetter";0;FALSE;FALSE;NA;NA;TRUE
"Hanging his head like he still own the stock via /r/BlackPeopleTwitter https://t.co/ZsHTkTRoOU https://t.co/DCaFILAZVa";FALSE;0;NA;2017-03-02 20:22:17;FALSE;NA;"837397672180989952";NA;"<a href=\"https://ifttt.com\" rel=\"nofollow\">IFTTT</a>";"Peopletweetter";0;FALSE;FALSE;NA;NA;TRUE
"Obama still killing it https://t.co/l6U06zG1Hp https://t.co/4IqLT5ghla";FALSE;0;NA;2017-03-02 20:18:59;FALSE;NA;"837396838462390272";NA;"<a href=\"https://ifttt.com\" rel=\"nofollow\">IFTTT</a>";"MixtapesMemes";0;FALSE;FALSE;NA;NA;TRUE
"Hanging his head like he still own the stock #blackpeopletwitter https://t.co/XWGrMFfgx9";FALSE;0;NA;2017-03-02 20:07:35;FALSE;NA;"837393971617927168";NA;"<a href=\"https://ifttt.com\" rel=\"nofollow\">IFTTT</a>";"niggaztweet";0;FALSE;FALSE;NA;NA;TRUE
"Get ready for the ass-whooping of a lifetime https://t.co/RACmQOYUJ8 https://t.co/cn9WHI3Vb2";FALSE;0;NA;2017-03-02 20:01:34;FALSE;NA;"837392459386740736";NA;"<a href=\"https://ifttt.com\" rel=\"nofollow\">IFTTT</a>";"MixtapesMemes";0;FALSE;FALSE;NA;NA;TRUE
"#memes #dankmemes #funny #Blackpeopletwitter https://t.co/g9k7t0PGsW";FALSE;0;NA;2017-03-02 19:45:04;FALSE;NA;"837388305117429760";NA;"<a href=\"http://dank.city\" rel=\"nofollow\">ChirpMemes</a>";"will_dankspeare";0;FALSE;FALSE;NA;NA;TRUE
"Water #blackpeopletwitter https://t.co/7KWXSXFgTe";FALSE;0;NA;2017-03-02 19:37:29;FALSE;NA;"837386398256803840";NA;"<a href=\"https://ifttt.com\" rel=\"nofollow\">IFTTT</a>";"niggaztweet";0;FALSE;FALSE;NA;NA;TRUE
"#memes #dankmemes #funny #Blackpeopletwitter https://t.co/b5sfmzExbX";FALSE;0;NA;2017-03-02 19:20:04;FALSE;NA;"837382014038835202";NA;"<a href=\"http://dank.city\" rel=\"nofollow\">ChirpMemes</a>";"will_dankspeare";0;FALSE;FALSE;NA;NA;TRUE
"Water via /r/BlackPeopleTwitter https://t.co/HN9k4P6oWn https://t.co/neoaSawKjU";FALSE;0;NA;2017-03-02 19:12:32;FALSE;NA;"837380117819191296";NA;"<a href=\"https://ifttt.com\" rel=\"nofollow\">IFTTT</a>";"Peopletweetter";0;FALSE;FALSE;NA;NA;TRUE
